region_id,region_name,2023,2024,2025,2026
1,Абайская,217.0,742.0,39.0,89.0
2,Акмолинская,375.0,877.0,226.0,181.0
3,Актюбинская,2179.0,3772.0,32.0,409.0
4,Алматинская,2793.0,2478.0,122.0,600.0
5,Атырауская,1833.0,2252.0,304.0,403.0
6,ВКО,278.0,361.0,268.0,53.0
7,Жамбылская,3584.0,1177.0,927.0,563.0
8,Жетысуская,576.0,729.0,41.0,145.0
9,ЗКО,477.0,1296.0,21.0,298.0
10,Карагандинская,805.0,2226.0,108.0,490.0
11,Костанайская,219.0,686.0,52.0,294.0
12,Кызылординская,1682.0,1556.0,339.0,99.0
13,Мангистауская,2864.0,1920.0,81.0,236.0
14,Павлодарская,604.0,1622.0,150.0,402.0
15,СКО,241.0,338.0,70.0,74.0
16,Туркестанская,2285.0,443.0,25.0,48.0
17,Улытауская,171.0,116.0,20.0,94.0
18,г. Алматы,4021.0,3304.0,460.0,917.0
19,г. Астана,1131.0,1605.0,954.0,1732.0
20,г.Шымкент,3396.0,647.0,1.0,0.0
