R0,rho,A,s0,s0_pct,one_over_R0,x
8,0.3,0.009597833333333333,0.12986032290296282,12.986032290296281,0.125,0.07390889779709885
8,0.5,0.0057587,0.12790145763511468,12.790145763511468,0.125,0.04502450641671952
8,0.7,0.0041133571428571426,0.1270679581727049,12.70679581727049,0.125,0.03237131690796871
8,1.0,0.00287935,0.1264452020554267,12.644520205542669,0.125,0.02277152436940905
10,0.3,0.009597833333333333,0.10487567022066238,10.487567022066239,0.1,0.09151630033104083
10,0.5,0.0057587,0.1029069839940851,10.29069839940851,0.1,0.05596024464511563
10,0.7,0.0041133571428571426,0.10207077792965912,10.207077792965912,0.1,0.04029906723834137
10,1.0,0.00287935,0.10144658378488883,10.144658378488883,0.1,0.028382917320365197
12,0.3,0.009597833333333333,0.08822434804520345,8.822434804520345,0.08333333333333333,0.10878894030949028
12,0.5,0.0057587,0.08624584331990007,8.624584331990008,0.08333333333333333,0.06677075414104343
12,0.7,0.0041133571428571426,0.08540693092472273,8.540693092472274,0.08333333333333333,0.04816186576804447
12,1.0,0.00287935,0.08478129882479658,8.478129882479658,0.08333333333333333,0.03396208880864487
14,0.3,0.009597833333333333,0.07633492724105376,7.633492724105376,0.07142857142857142,0.1257331824398663
14,0.5,0.0057587,0.07434660696788509,7.434660696788509,0.07142857142857142,0.07745746893987429
14,0.7,0.0041133571428571426,0.07350498856720333,7.350498856720334,0.07142857142857142,0.055960244645115856
14,1.0,0.00287935,0.07287791859911788,7.287791859911788,0.07142857142857142,0.03950922385473907
16,0.3,0.009597833333333333,0.06742169295860272,6.742169295860272,0.0625,0.14235527042055224
16,0.5,0.0057587,0.06542356057910685,6.542356057910685,0.0625,0.08802180665536954
16,0.7,0.0041133571428571426,0.06457923655231439,6.457923655231439,0.0625,0.06369473165767439
16,1.0,0.00287935,0.06395072881755752,6.395072881755752,0.0625,0.04502450641671939
18,0.3,0.009597833333333333,0.060492581143086206,6.04925811430862,0.05555555555555555,0.15866132924021023
18,0.5,0.0057587,0.05848464058831476,5.8484640588314765,0.05555555555555555,0.09846516866773034
18,0.7,0.0041133571428571426,0.05763761136892428,5.763761136892428,0.05555555555555555,0.07136585026968845
18,1.0,0.00287935,0.05700766598347167,5.700766598347167,0.05555555555555555,0.050508119396342505
20,0.3,0.009597833333333333,0.054952353137128665,5.495235313712866,0.05,0.17465736743580026
20,0.5,0.0057587,0.052934608827122094,5.29346088271221,0.05,0.10878894030949024
20,0.7,0.0041133571428571426,0.052084874902732364,5.208487490273236,0.05,0.07897411965640252
20,1.0,0.00287935,0.05145349199704256,5.145349199704255,0.05,0.05596024464511562
