region,R0,rho,s0,v,gap_pp
1,8,0.3,0.12763765535862712,1.0,12.763765535862712
1,8,0.5,0.12657820239807085,1.0,12.657820239807085
1,8,0.7,0.12612594325382662,1.0,12.612594325382661
1,8,1.0,0.12578745457843651,1.0,12.57874545784365
1,10,0.3,0.10264222887879658,1.0,10.264222887879658
1,10,0.5,0.10157984898282464,1.0,10.157984898282464
1,10,0.7,0.10112678336463542,1.0,10.112678336463542
1,10,1.0,0.10078786623703767,1.0,10.078786623703767
1,12,0.3,0.0859801354810924,1.0,8.59801354810924
1,12,0.5,0.08491482886841371,1.0,8.491482886841371
1,12,0.7,0.08446095680031232,1.0,8.446095680031233
1,12,1.0,0.08412161122693967,1.0,8.412161122693968
1,14,0.3,0.07407994654411558,1.0,7.407994654411558
1,14,0.5,0.07301171347686765,1.0,7.301171347686765
1,14,0.7,0.07255703498773153,1.0,7.255703498773153
1,14,1.0,0.07221726097630674,1.0,7.221726097630674
1,16,0.3,0.06515594773199551,1.0,6.515594773199551
1,16,0.5,0.06408478851596655,1.0,6.408478851596655
1,16,0.7,0.06362930363992392,1.0,6.362930363992392
1,16,1.0,0.06328910119906844,1.0,6.328910119906844
1,18,0.3,0.05821607550253005,1.0,5.821607550253005
1,18,0.5,0.05714199048714286,1.0,5.714199048714286
1,18,0.7,0.05668569926181386,1.0,5.668569926181386
1,18,1.0,0.056345068402600056,1.0,5.634506840260006
1,20,0.3,0.05266509171036462,1.0,5.2665091710364615
1,20,0.5,0.05158808128865553,1.0,5.158808128865553
1,20,0.7,0.051130983757788455,1.0,5.113098375778845
1,20,1.0,0.05078992449141234,1.0,5.078992449141234
2,8,0.3,0.1276603180836581,0.97775,10.541031808365812
2,8,0.5,0.12659172479015873,0.97775,10.434172479015874
2,8,0.7,0.12613557907019804,0.97775,10.388557907019806
2,8,1.0,0.12579418755617286,0.97775,10.354418755617287
2,10,0.3,0.10266496997324284,0.97775,8.041496997324286
2,10,0.5,0.10159339959197945,0.97775,7.934339959197946
2,10,0.7,0.10113643357804086,0.97775,7.888643357804087
2,10,1.0,0.10079460626947072,0.97775,7.8544606269470725
2,12,0.3,0.08600295493631956,0.97775,6.375295493631956
2,12,0.5,0.08492840769351373,0.97775,6.267840769351373
2,12,0.7,0.0844706214104607,0.97775,6.222062141046071
2,12,1.0,0.08412835831399801,0.97775,6.187835831399802
2,14,0.3,0.07410284434971402,0.97775,5.185284434971403
2,14,0.5,0.07302532051656292,0.97775,5.077532051656293
2,14,0.7,0.07256671399427131,0.97775,5.031671399427132
2,14,1.0,0.07222401511790599,0.97775,4.9974015117906
2,16,0.3,0.06517892387582273,0.97775,4.292892387582274
2,16,0.5,0.06409842376868287,0.97775,4.184842376868287
2,16,0.7,0.06363899704246753,0.97775,4.138899704246754
2,16,1.0,0.06329586239511413,0.97775,4.104586239511414
2,18,0.3,0.05823912997071172,0.97775,3.5989129970711726
2,18,0.5,0.05715565395108103,0.97775,3.4905653951081037
2,18,0.7,0.05669540705984766,0.97775,3.4445407059847666
2,18,1.0,0.05635183665297346,0.97775,3.410183665297347
2,20,0.3,0.05268822448729559,0.97775,3.0438224487295598
2,20,0.5,0.051601772961791935,0.97775,2.9351772961791944
2,20,0.7,0.051140705950808725,0.97775,2.8890705950808733
2,20,1.0,0.05079669979598965,0.97775,2.854669979598966
3,8,0.3,0.13591640872356173,0.9515737419033383,8.749015062690004
3,8,0.5,0.13147778523257847,0.9515737419033383,8.30515271359168
3,8,0.7,0.12960491797449863,0.9515737419033383,8.117865987783695
3,8,1.0,0.12821185283594622,0.9515737419033383,7.9785594739284535
3,10,0.3,0.11099140444418282,0.9515737419033383,6.256514634752114
3,10,0.5,0.1065048153631519,0.9515737419033383,5.807855726649022
3,10,0.7,0.10461871331471748,0.9515737419033383,5.6192455218055795
3,10,1.0,0.10321861371340035,0.9515737419033383,5.4792355616738675
3,12,0.3,0.09439966600468633,0.9515737419033383,4.597340790802465
3,12,0.5,0.08986517005946881,0.9515737419033383,4.1438911962807135
3,12,0.7,0.08796583970452529,0.9515737419033383,3.953958160786361
3,12,1.0,0.08655870737567341,0.9515737419033383,3.813244927901173
3,14,0.3,0.0825697514616719,0.9515737419033383,3.4143493365010227
3,14,0.5,0.07798741900254973,0.9515737419033383,2.9561160905888046
3,14,0.7,0.07607486811668224,0.9515737419033383,2.764861002002056
3,14,1.0,0.07466070514148004,0.9515737419033383,2.6234447044818365
3,16,0.3,0.07371593322830361,0.9515737419033383,2.528967513164193
3,16,0.5,0.0690858461628298,0.9515737419033383,2.0659588066168117
3,16,0.7,0.06716008380953088,0.9515737419033383,1.8733825712869203
3,16,1.0,0.06573889261628961,0.9515737419033383,1.7312634519627932
3,18,0.3,0.06684613458845524,0.9515737419033383,1.8419876491793565
3,18,0.5,0.06216838630622733,0.9515737419033383,1.374212820956565
3,18,0.7,0.06022942283636642,0.9515737419033383,1.180316473970474
3,18,1.0,0.058801206197794956,0.9515737419033383,1.0374948101133277
3,20,0.3,0.06136510431723197,0.9515737419033383,1.2938846220570288
3,20,0.5,0.05663979960281182,0.9515737419033383,0.821354150615014
3,20,0.7,0.054687646647416085,0.9515737419033383,0.6261388550754408
3,20,1.0,0.053252407681575964,0.9515737419033383,0.48261495849142855
4,8,0.3,0.1309458298006163,0.9732805620908943,10.422639189151061
4,8,0.5,0.128545568473531,0.9732805620908943,10.18261305644253
4,8,0.7,0.1275258346876483,0.9732805620908943,10.080639677854261
4,8,1.0,0.1267645591098853,0.9732805620908943,10.00451212007796
4,10,0.3,0.10596866674674663,0.9732805620908943,7.9249228837640935
4,10,0.5,0.10355379270750882,0.9732805620908943,7.683435479840313
4,10,0.7,0.10253003113825905,0.9732805620908943,7.581059322915336
4,10,1.0,0.10176661547781171,0.9732805620908943,7.504717756870602
4,12,0.3,0.08932483076786393,0.9732805620908943,6.260539285875824
4,12,0.5,0.08689534946316192,0.9732805620908943,6.017591155405623
4,12,0.7,0.08586756071049852,0.9732805620908943,5.914812280139283
4,12,1.0,0.08510200512840103,0.9732805620908943,5.838256721929534
4,14,0.3,0.07744289204448594,0.9732805620908943,5.072345413538025
4,14,0.5,0.07499881000641724,0.9732805620908943,4.827937209731155
4,14,0.7,0.07396699479107778,0.9732805620908943,4.724755688197209
4,14,1.0,0.07319929948000539,0.9732805620908943,4.64798615708997
4,16,0.3,0.0685371350449266,0.9732805620908943,4.181769713582091
4,16,0.5,0.06607845989093274,0.9732805620908943,3.9359021981827045
4,16,0.7,0.06504261905205277,0.9732805620908943,3.8323181142947083
4,16,1.0,0.0642727842367657,0.9732805620908943,3.7553346327660013
4,18,0.3,0.06161549503269357,0.9732805620908943,3.4896057123587876
4,18,0.5,0.059142235461231596,0.9732805620908943,3.24227975521259
4,18,0.7,0.05810236995914399,0.9732805620908943,3.1382932050038295
4,18,1.0,0.05733039589647494,0.9732805620908943,3.061095798736925
4,20,0.3,0.05608273267196325,0.9732805620908943,2.936329476285756
4,20,0.5,0.053594898460718375,0.9732805620908943,2.687546055161268
4,20,0.7,0.05255100937491392,0.9732805620908943,2.583157146580823
4,20,1.0,0.05177689635375445,0.9732805620908943,2.505745844464876
5,8,0.3,0.13505196451242624,0.9105822598910044,4.5634224403430625
5,8,0.5,0.130969810483451,0.9105822598910044,4.155207037445538
5,8,0.7,0.1292453552394145,0.9105822598910044,3.982761513041888
5,8,1.0,0.1279618796267965,0.9105822598910044,3.854413951780089
5,10,0.3,0.11011584130946807,0.9105822598910044,2.0698101200472454
5,10,0.5,0.10599282910088687,0.9105822598910044,1.6575088991891251
5,10,0.7,0.10425710266418325,0.9105822598910044,1.483936255518764
5,10,1.0,0.1029676367066011,0.9105822598910044,1.3549896597605484
5,12,0.3,0.09351300247618573,0.9105822598910044,0.4095262367190114
5,12,0.5,0.08934917469334151,0.9105822598910044,-0.006856541565410101
5,12,0.7,0.0876021817662569,0.9105822598910044,-0.18155583427387073
5,12,1.0,0.08630672672201091,0.9105822598910044,-0.3111013386984704
5,14,0.3,0.08167200972701243,0.9105822598910044,-0.7745730381983187
5,14,0.5,0.0774674174214242,0.9105822598910044,-1.1950322687571415
5,14,0.7,0.07570916364371834,0.9105822598910044,-1.3708576465277276
5,14,1.0,0.07440772102209525,0.9105822598910044,-1.5010019086900361
5,16,0.3,0.07280713910477563,0.9105822598910044,-1.6610601004219987
5,16,0.5,0.06856184173359971,0.9105822598910044,-2.0855898375395907
5,16,0.7,0.06679233367972791,0.9105822598910044,-2.2625406429267705
5,16,1.0,0.06548490524172569,0.9105822598910044,-2.3932834867269923
5,18,0.3,0.06592631749522473,0.9105822598910044,-2.349142261377088
5,18,0.5,0.06164038287354181,0.9105822598910044,-2.7777357235453803
5,18,0.7,0.05985962805274099,0.9105822598910044,-2.955811205625462
5,18,1.0,0.058546215809375544,0.9105822598910044,-3.087152429962007
5,20,0.3,0.06043429723873667,0.9105822598910044,-2.8983442870258944
5,20,0.5,0.05610780148571146,0.9105822598910044,-3.330993862328415
5,20,0.7,0.05431580833753434,0.9105822598910044,-3.510193177146127
5,20,1.0,0.0529964145504435,0.9105822598910044,-3.6421325558552113
6,8,0.3,0.1264645797946078,0.9426184857423795,6.908306553698729
6,8,0.5,0.12587738572422683,0.9426184857423795,6.849587146660633
6,8,0.7,0.12562628709887702,0.9426184857423795,6.824477284125652
6,8,1.0,0.12543818204874804,0.9426184857423795,6.805666779112754
6,10,0.3,0.10146599867959213,0.9426184857423795,4.408448442197163
6,10,0.5,0.10087789653414732,0.9426184857423795,4.349638227652681
6,10,0.7,0.10062654771777622,0.9426184857423795,4.324503346015572
6,10,1.0,0.10043830975242063,0.9426184857423795,4.305679549480013
6,12,0.3,0.08480075087377616,0.9426184857423795,2.7419236616155653
6,12,0.5,0.08421174067427177,0.9426184857423795,2.6830226416651266
6,12,0.7,0.08396014166919143,0.9426184857423795,2.6578627411570923
6,12,1.0,0.08377177078923397,0.9426184857423795,2.639025653161346
6,14,0.3,0.07289740780087435,0.9426184857423795,1.5515893543253847
6,14,0.5,0.07230748957254254,0.9426184857423795,1.492597531492204
6,14,0.7,0.07205564038153482,0.9426184857423795,1.467412612391432
6,14,1.0,0.0718671365877152,0.9426184857423795,1.4485622330094692
6,16,0.3,0.06397025517034315,0.9426184857423795,0.6588740912722644
6,16,0.5,0.06337942894272004,0.9426184857423795,0.5997914685099539
6,16,0.7,0.06312732956894018,0.9426184857423795,0.574581531131968
6,16,1.0,0.06293869286211513,0.9426184857423795,0.555717860449463
6,18,0.3,0.05702722948528902,0.9426184857423795,-0.03542847723314799
6,18,0.5,0.05643549529181664,0.9426184857423795,-0.09460189658038604
6,18,0.7,0.05618314573914155,0.9426184857423795,-0.11983685184789525
6,18,1.0,0.05599437612032488,0.9426184857423795,-0.13871381372956224
6,20,0.3,0.05147309264564447,0.9426184857423795,-0.5908421611976029
6,20,0.5,0.050880450524265375,0.9426184857423795,-0.6501063733355128
6,20,0.7,0.05062785079677892,0.9426184857423795,-0.675366346084158
6,20,1.0,0.05043894826707416,0.9426184857423795,-0.6942565990546344
7,8,0.3,0.13164458267013177,0.9533892270237371,8.503380969386884
7,8,0.5,0.12895946193591648,0.9533892270237371,8.234868895965356
7,8,0.7,0.12781983196787353,0.9533892270237371,8.12090589916106
7,8,1.0,0.1269694956166666,0.9533892270237371,8.035872264040368
7,10,0.3,0.10667299774429945,0.9533892270237371,6.006222476803652
7,10,0.5,0.10396969590456245,0.9533892270237371,5.735892292829953
7,10,0.7,0.10282505401918471,0.9533892270237371,5.621428104292178
7,10,1.0,0.10197205458796353,0.9533892270237371,5.53612816117006
7,12,0.3,0.09003473646274004,0.9533892270237371,4.3423963486477115
7,12,0.5,0.0873132619497292,0.9533892270237371,4.0702488973466275
7,12,0.7,0.08616360907659072,0.9533892270237371,3.9552836100327795
7,12,1.0,0.08530794681415556,0.9533892270237371,3.869717383789263
7,14,0.3,0.0781583683231408,0.9533892270237371,3.1547595346877872
7,14,0.5,0.07541873124927069,0.9533892270237371,2.8807958273007763
7,14,0.7,0.07426406850325884,0.9533892270237371,2.7653295526995914
7,14,1.0,0.07340574370796121,0.9533892270237371,2.679497073169829
7,16,0.3,0.06925817711227661,0.9533892270237371,2.264740413601368
7,16,0.5,0.06650038926564981,0.9533892270237371,1.9889616289386889
7,16,0.7,0.06534071794809337,0.9533892270237371,1.8729944971830448
7,16,1.0,0.06447973096795831,0.9533892270237371,1.7868957991695384
7,18,0.3,0.062342097416440034,0.9533892270237371,1.5731324440177108
7,18,0.5,0.05956617225709695,0.9533892270237371,1.2955399280834021
7,18,0.7,0.05840149385367635,0.9533892270237371,1.1790720877413423
7,18,1.0,0.05753784508637797,0.9533892270237371,1.0927072110115046
7,20,0.3,0.056814889221633254,0.9533892270237371,1.0204116245370327
7,20,0.5,0.05402084187764406,0.9533892270237371,0.7410068901381135
7,20,0.7,0.05285115805944779,0.9533892270237371,0.6240385083184863
7,20,1.0,0.051984847952281144,0.9533892270237371,0.5374074976018217
8,8,0.3,0.12814193741720847,0.9990000000000001,12.714193741720859
8,8,0.5,0.12687894872029465,0.9990000000000001,12.587894872029477
8,8,0.7,0.12634020397508647,0.9990000000000001,12.534020397508657
8,8,1.0,0.12593714408290516,0.9990000000000001,12.493714408290527
8,10,0.3,0.10314840955607445,0.9990000000000001,10.214840955607455
8,10,0.5,0.10188127892570027,0.9990000000000001,10.088127892570038
8,10,0.7,0.10134139288854603,0.9990000000000001,10.034139288854615
8,10,1.0,0.10093772665912513,0.9990000000000001,9.993772665912525
8,12,0.3,0.08648821452561001,0.9990000000000001,8.548821452561011
8,12,0.5,0.08521694239938815,0.9990000000000001,8.421694239938827
8,12,0.7,0.08467591511839076,0.9990000000000001,8.367591511839088
8,12,1.0,0.0842716425646059,0.9990000000000001,8.3271642564606
8,14,0.3,0.07458992365374768,0.9990000000000001,7.358992365374779
8,14,0.5,0.07331451055679475,0.9990000000000001,7.231451055679486
8,14,0.7,0.07277234208978597,0.9990000000000001,7.177234208978608
8,14,1.0,0.0723674632271055,0.9990000000000001,7.13674632271056
8,16,0.3,0.06566782255493109,0.9990000000000001,6.46678225549312
8,16,0.5,0.06438826909917957,0.9990000000000001,6.338826909917968
8,16,0.7,0.06384495951362601,0.9990000000000001,6.2844959513626115
8,16,1.0,0.06343947436024087,0.9990000000000001,6.243947436024098
8,18,0.3,0.058729847636177085,0.9990000000000001,5.772984763617719
8,18,0.5,0.057446154521456405,0.9990000000000001,5.6446154521456515
8,18,0.7,0.05690170389445578,0.9990000000000001,5.590170389445589
8,18,1.0,0.056495612470692846,0.9990000000000001,5.549561247069295
8,20,0.3,0.053180760702142435,0.9990000000000001,5.218076070214255
8,20,0.5,0.05189292871536605,0.9990000000000001,5.089292871536616
8,20,0.7,0.051347337133646594,0.9990000000000001,5.034733713364671
8,20,1.0,0.050940639462850365,0.9990000000000001,4.994063946285047
9,8,0.3,0.1291326128846827,0.9260308549066827,5.516346779136539
9,8,0.5,0.12746887344555352,0.9260308549066827,5.349972835223621
9,8,0.7,0.1267602070017006,0.9260308549066827,5.279106190838329
9,8,1.0,0.12623042598589843,0.9260308549066827,5.226128089258111
9,10,0.3,0.10414375129345088,0.9260308549066827,3.017460620013357
9,10,0.5,0.10247288397080087,0.9260308549066827,2.850373887748356
9,10,0.7,0.10176225328582471,0.9260308549066827,2.7793108192507394
9,10,1.0,0.10123142869067911,0.9260308549066827,2.72622835973618
9,12,0.3,0.08748822154677889,0.9260308549066827,1.3519076453461578
9,12,0.5,0.08581022763590915,0.9260308549066827,1.1841082542591836
9,12,0.7,0.08509763285310723,0.9260308549066827,1.1128487759789918
9,12,1.0,0.0845657647167371,0.9260308549066827,1.059661962341979
9,14,0.3,0.07559459477616153,0.9260308549066827,0.16254496828442128
9,14,0.5,0.07390947583132697,0.9260308549066827,-0.005966926199034439
9,14,0.7,0.07319491712200052,0.9260308549066827,-0.07742279713167932
9,14,1.0,0.07266200549022192,0.9260308549066827,-0.1307139603095392
9,16,0.3,0.06667715639799639,0.9260308549066827,-0.7291988695320926
9,16,0.5,0.06498491423276859,0.9260308549066827,-0.8984230860548725
9,16,0.7,0.06426839179674439,0.9260308549066827,-0.9700753296572926
9,16,1.0,0.06373443672275275,0.9260308549066827,-1.023470837056456
9,18,0.3,0.059743842624138566,0.9260308549066827,-1.4225302469178747
9,18,0.5,0.05804447930960984,0.9260308549066827,-1.5924665783707472
9,18,0.7,0.05732599337523148,0.9260308549066827,-1.6643151718085836
9,18,1.0,0.056790994920616664,0.9260308549066827,-1.7178150172700648
9,20,0.3,0.05419941506256657,0.9260308549066827,-1.976973003075074
9,20,0.5,0.05249293292806739,0.9260308549066827,-2.1476212165249917
9,20,0.7,0.0517724837521821,0.9260308549066827,-2.219666134113521
9,20,1.0,0.05123644198540053,0.9260308549066827,-2.273270310791678
10,8,0.3,0.12950062247089403,0.9403587266315637,6.985934910245775
10,8,0.5,0.12768771410203283,0.9403587266315637,6.804644073359656
10,8,0.7,0.12691592008766148,0.9403587266315637,6.72746467192252
10,8,1.0,0.1263391092504945,0.9403587266315637,6.669783588205822
10,10,0.3,0.10451380726390566,0.9403587266315637,4.487253389546939
10,10,0.5,0.10269246160518868,0.9403587266315637,4.30511882367524
10,10,0.7,0.10191834242041592,0.9403587266315637,4.227706905197964
10,10,1.0,0.10134029622936955,0.9403587266315637,4.169902286093327
10,12,0.3,0.08786032330417923,0.9403587266315637,2.8219049935742953
10,12,0.5,0.08603054217110417,0.9403587266315637,2.63892688026679
10,12,0.7,0.08525409801621112,0.9403587266315637,2.561282464777484
10,12,1.0,0.08467481652468437,0.9403587266315637,2.503354315624809
10,14,0.3,0.07596874160392901,0.9403587266315637,1.6327468235492735
10,14,0.5,0.074130527174398,0.9403587266315637,1.4489253805961722
10,14,0.7,0.07335175828942048,0.9403587266315637,1.37104849209842
10,14,1.0,0.07277124156161661,0.9403587266315637,1.312996819318034
10,16,0.3,0.06705334746081139,0.9403587266315637,0.7412074092375112
10,16,0.5,0.0652067022753126,0.9403587266315637,0.5565428906876322
10,16,0.7,0.0644256089402541,0.9403587266315637,0.478433557181783
10,16,1.0,0.0638438570510702,0.9403587266315637,0.42025836826339175
10,18,0.3,0.06012207696750984,0.9403587266315637,0.048080359907356346
10,18,0.5,0.05826700392776153,0.9403587266315637,-0.1374269440674744
10,18,0.7,0.057483586462575044,0.9403587266315637,-0.21576869058612322
10,18,1.0,0.05690059949760214,0.9403587266315637,-0.27406738708341327
10,20,0.3,0.0545796916134619,0.9403587266315637,-0.5061581754974377
10,20,0.5,0.05271619398250753,0.9403587266315637,-0.6925079385928747
10,20,0.7,0.05193045274707534,0.9403587266315637,-0.7710820621360935
10,20,1.0,0.051346230802594366,0.9403587266315637,-0.829504256584191
11,8,0.3,0.12681964224569256,0.9444635108481263,7.128315309381886
11,8,0.5,0.1260896866212277,0.9444635108481263,7.055319746935399
11,8,0.7,0.12577770510898245,0.9444635108481263,7.024121595710875
11,8,1.0,0.1255440562736639,0.9444635108481263,7.000756712179021
11,10,0.3,0.10182182836200192,0.9444635108481263,4.628533921012822
11,10,0.5,0.1010904736499945,0.9444635108481263,4.55539844981208
11,10,0.7,0.10077810665805037,0.9444635108481263,4.524161750617667
11,10,1.0,0.10054425303369052,0.9444635108481263,4.5007763881816825
11,12,0.3,0.08515734775438383,0.9444635108481263,2.9620858602510127
11,12,0.5,0.08442459400466622,0.9444635108481263,2.8888104852792513
11,12,0.7,0.08411184153851767,0.9444635108481263,2.8575352386643966
11,12,1.0,0.08387778312658586,0.9444635108481263,2.8341293974712163
11,14,0.3,0.07325477183985461,0.9444635108481263,1.771828268798091
11,14,0.5,0.07252061911232405,0.9444635108481263,1.6984129960450345
11,14,0.7,0.07220748117856768,0.9444635108481263,1.6670992026693976
11,14,1.0,0.07197321798082844,0.9444635108481263,1.6436728828954736
11,16,0.3,0.06432838632123501,0.9444635108481263,0.8791897169361309
11,16,0.5,0.06359283468612766,0.9444635108481263,0.8056345534253953
11,16,0.7,0.06327931129214727,0.9444635108481263,0.7742822140273566
11,16,1.0,0.063044843310617,0.9444635108481263,0.7508354158743291
11,18,0.3,0.05738612769499826,0.9444635108481263,0.184963854312456
11,18,0.5,0.056649177231443026,0.9444635108481263,0.11126880795693239
11,18,0.7,0.05633526838666205,0.9444635108481263,0.0798779234788348
11,18,1.0,0.0561005956237782,0.9444635108481263,0.056410647190449636
11,20,0.3,0.051832757854445924,0.9444635108481263,-0.37037312974277786
11,20,0.5,0.051094408652630416,0.9444635108481263,-0.44420804992432866
11,20,0.7,0.05078011436663091,0.9444635108481263,-0.4756374785242795
11,20,1.0,0.050545236824997564,0.9444635108481263,-0.4991252326876139
12,8,0.3,0.13158842722571779,0.9793443342126391,11.09327614383569
12,8,0.5,0.12892622016474292,0.9793443342126391,10.827055437738203
12,8,0.7,0.12779622611633998,0.9793443342126391,10.71405603289791
12,8,1.0,0.126953044123165,0.9793443342126391,10.62973783358041
12,10,0.3,0.10661637230641334,0.9793443342126391,8.596070651905245
12,10,0.5,0.10393628478668548,0.9793443342126391,8.32806189993246
12,10,0.7,0.10280136174530614,0.9793443342126391,8.214569595794526
12,10,1.0,0.10195556074206125,0.9793443342126391,8.129989495470035
12,12,0.3,0.08997764134925154,0.9793443342126391,6.932197556189065
12,12,0.5,0.08727968152639942,0.9793443342126391,6.662401573903853
12,12,0.7,0.0861398303911087,0.9793443342126391,6.548416460374781
12,12,1.0,0.08529141061842437,0.9793443342126391,6.463574483106347
12,14,0.3,0.07810080391515704,0.9793443342126391,5.744513812779616
12,14,0.5,0.07538498156998519,0.9793443342126391,5.47293157826243
12,14,0.7,0.07424020341906103,0.9793443342126391,5.358453763170014
12,14,1.0,0.07338916516549679,0.9793443342126391,5.27334993781359
12,16,0.3,0.06920014385390441,0.9793443342126391,4.854447806654353
12,16,0.5,0.0664664703880925,0.9793443342126391,4.581080460073162
12,16,0.7,0.06531676648021278,0.9793443342126391,4.46611006928519
12,16,1.0,0.06446311008237132,0.9793443342126391,4.380744429501044
12,18,0.3,0.062283595814779866,0.9793443342126391,4.162793002741898
12,18,0.5,0.05953208424720708,0.9793443342126391,3.887641845984619
12,18,0.7,0.05837745601928983,0.9793443342126391,3.7721790231928938
12,18,1.0,0.05752118186179467,0.9793443342126391,3.686551607443378
12,20,0.3,0.05675591984622362,0.9793443342126391,3.6100254058862733
12,20,0.5,0.05398658480955095,0.9793443342126391,3.333091902219006
12,20,0.7,0.05282703387787416,0.9793443342126391,3.217136809051327
12,20,1.0,0.05196814239334274,0.9793443342126391,3.131247660598185
13,8,0.3,0.13555551324093768,0.942,7.755551324093762
13,8,0.5,0.13126581029531448,0.942,7.326581029531443
13,8,0.7,0.12945490545135552,0.942,7.145490545135546
13,8,1.0,0.12810757836902872,0.942,7.010757836902867
13,10,0.3,0.11062576469866545,0.942,5.26257646986654
13,10,0.5,0.10629112860801578,0.942,4.8291128608015725
13,10,0.7,0.10446782686829947,0.942,4.646782686829942
13,10,1.0,0.10311391088165431,0.942,4.511391088165426
13,12,0.3,0.09402929026556914,0.942,3.6029290265569087
13,12,0.5,0.08964977256180216,0.942,3.164977256180211
13,12,0.7,0.08781407961501483,0.942,2.9814079615014784
13,12,1.0,0.08645357624640444,0.942,2.8453576246404393
13,14,0.3,0.0821946496299305,0.942,2.4194649629930454
13,14,0.5,0.07777031205170483,0.942,1.9770312051704777
13,14,0.7,0.07592223472018686,0.942,1.792223472018681
13,14,1.0,0.07455514579552754,0.942,1.6555145795527484
13,16,0.3,0.07333611682249438,0.942,1.5336116822494334
13,16,0.5,0.06886703126143913,0.942,1.0867031261439077
13,16,0.7,0.06700657749788033,0.942,0.900657749788028
13,16,1.0,0.06563290514765752,0.942,0.7632905147657465
13,18,0.3,0.06646161673324358,0.942,0.8461616733243527
13,18,0.5,0.061947865170108134,0.942,0.39478651701080825
13,18,0.7,0.060075044057225614,0.942,0.20750440572255627
13,18,1.0,0.05869479071418388,0.942,0.06947907141838308
13,20,0.3,0.06097589972537754,0.942,0.2975899725377491
13,20,0.5,0.05641757415934151,0.942,-0.15824258406585412
13,20,0.7,0.054532395904029946,0.942,-0.3467604095970106
13,20,1.0,0.05314556430400789,0.942,-0.4854435695992164
14,8,0.3,0.12987637697001364,0.9154389604196471,4.5315337389660755
14,8,0.5,0.12791099380621798,0.9154389604196471,4.33499542258651
14,8,0.7,0.12707474024661988,0.9154389604196471,4.2513700666267
14,8,1.0,0.1264499340305884,0.9154389604196471,4.188889445023553
14,10,0.3,0.10489182453143828,0.9154389604196471,2.0330784951085397
14,10,0.5,0.10291655627029221,0.9154389604196471,1.835551668993933
14,10,0.7,0.1020775784269832,0.9154389604196471,1.7516538846630318
14,10,1.0,0.1014513247881585,0.9154389604196471,1.6890285207805624
14,12,0.3,0.0882406025626601,0.9154389604196471,0.3679562982307219
14,12,0.5,0.08625545169640707,0.9154389604196471,0.16944121160541864
14,12,0.7,0.08541374984420963,0.9154389604196471,0.08527102638567485
14,12,1.0,0.08478604885587408,0.9154389604196471,0.02250092755212013
14,14,0.3,0.07635128192075773,0.9154389604196471,-0.8209757659595154
14,14,0.5,0.07435625143892771,0.9154389604196471,-1.020478814142517
14,14,0.7,0.07351182590735139,0.9154389604196471,-1.104921367300149
14,14,1.0,0.07288267765764254,0.9154389604196471,-1.1678361922710336
14,16,0.3,0.06743814774875227,0.9154389604196471,-1.7122891831600608
14,16,0.5,0.06543324113796167,0.9154389604196471,-1.9127798442391208
14,16,0.7,0.06458609231137286,0.9154389604196471,-1.9974947268980026
14,16,1.0,0.06395549690310909,0.9154389604196471,-2.0605542677243793
14,18,0.3,0.0605091359845081,0.9154389604196471,-2.4051903595844784
14,18,0.5,0.05849435722729929,0.9154389604196471,-2.606668235305359
14,18,0.7,0.05764448554489247,0.9154389604196471,-2.6916554035460414
14,18,1.0,0.05701244309556956,0.9154389604196471,-2.754859648478332
14,20,0.3,0.054969007963308655,0.9154389604196471,-2.9592031617044228
14,20,0.5,0.05294436153759616,0.9154389604196471,-3.1616678042756723
14,20,0.7,0.05209176749335991,0.9154389604196471,-3.246927208699297
14,20,1.0,0.051458278135146085,0.9154389604196471,-3.31027614452068
15,8,0.3,0.126793767454486,0.9734999999999999,10.029376745448593
15,8,0.5,0.12607422072969413,0.9734999999999999,9.957422072969404
15,8,0.7,0.1257666761002564,0.9734999999999999,9.926667610025634
15,8,1.0,0.12553634544740286,0.9734999999999999,9.903634544740278
15,10,0.3,0.10179589213312518,0.9734999999999999,7.5295892133125095
15,10,0.5,0.10107498563940817,0.9734999999999999,7.457498563940809
15,10,0.7,0.1007670663638839,0.9734999999999999,7.426706636388382
15,10,1.0,0.10053653667750939,0.9734999999999999,7.403653667750931
15,12,0.3,0.08513135009100685,0.9734999999999999,5.863135009100677
15,12,0.5,0.08440908387543859,0.9734999999999999,5.790908387543851
15,12,0.7,0.08410078995901747,0.9734999999999999,5.760078995901739
15,12,1.0,0.08387006124051097,0.9734999999999999,5.737006124051089
15,14,0.3,0.07322871274579121,0.9734999999999999,4.672871274579113
15,14,0.5,0.07250508686494894,0.9734999999999999,4.600508686494886
15,14,0.7,0.07219641831386278,0.9734999999999999,4.56964183138627
15,14,1.0,0.07196549056488925,0.9734999999999999,4.546549056488917
15,16,0.3,0.06430226580093351,0.9734999999999999,3.780226580093343
15,16,0.5,0.0635772803211528,0.9734999999999999,3.707728032115272
15,16,0.7,0.06326823714238407,0.9734999999999999,3.676823714238399
15,16,1.0,0.06303711036484985,0.9734999999999999,3.653711036484977
15,18,0.3,0.057359945753542786,0.9734999999999999,3.085994575354271
15,18,0.5,0.05663360074958622,0.9734999999999999,3.013360074958614
15,18,0.7,0.0563241829520197,0.9734999999999999,2.982418295201962
15,18,1.0,0.05609285714822516,0.9734999999999999,2.959285714822508
15,20,0.3,0.05180651449755493,0.9734999999999999,2.5306514497554855
15,20,0.5,0.051078810054603976,0.9734999999999999,2.45788100546039
15,20,0.7,0.05076901764729885,0.9734999999999999,2.4269017647298776
15,20,1.0,0.05053749281970397,0.9734999999999999,2.4037492819703887
16,8,0.3,0.12715657990452692,0.9805110452248715,10.766762512939845
16,8,0.5,0.12629100527045667,0.9805110452248715,10.68020504953282
16,8,0.7,0.12592124578326552,0.9805110452248715,10.643229100813706
16,8,1.0,0.12564439910438188,0.9805110452248715,10.615544432925342
16,10,0.3,0.10215964507635181,0.9805110452248715,8.267069030122334
16,10,0.5,0.101292108785211,0.9805110452248715,8.180315401008254
16,10,0.7,0.10092180880842672,0.9805110452248715,8.143285403329825
16,10,1.0,0.1006446749886454,0.9805110452248715,8.115572021351694
16,12,0.3,0.0854960434690091,0.9805110452248715,6.600708869388064
16,12,0.5,0.08462654561869694,0.9805110452248715,6.513759084356847
16,12,0.7,0.0842557051631181,0.9805110452248715,6.476675038798964
16,12,1.0,0.08397828420532817,0.9805110452248715,6.448932943019971
16,14,0.3,0.07359434648828767,0.9805110452248715,5.41053917131592
16,14,0.5,0.07272288719655302,0.9805110452248715,5.323393242142456
16,14,0.7,0.07235150627515072,0.9805110452248715,5.2862551500022255
16,14,1.0,0.07207379818281938,0.9805110452248715,5.258484340769091
16,16,0.3,0.06466883982593777,0.9805110452248715,4.517988505080931
16,16,0.5,0.06379541923013499,0.9805110452248715,4.430646445500653
16,16,0.7,0.06342349785818076,0.9805110452248715,4.3934543083052295
16,16,1.0,0.06314550263523826,0.9805110452248715,4.365654786010979
16,18,0.3,0.05772745996736661,0.9805110452248715,3.823850519223815
16,18,0.5,0.05685207822447928,0.9805110452248715,3.7363123449350817
16,18,0.7,0.05647961641898629,0.9805110452248715,3.699066164385783
16,18,1.0,0.05620133407029148,0.9805110452248715,3.6712379295163013
16,20,0.3,0.05217496879481253,0.9805110452248715,3.2686014019684064
16,20,0.5,0.05129762608140536,0.9805110452248715,3.1808671306276897
16,20,0.7,0.05092462386196661,0.9805110452248715,3.1435669086838147
16,20,1.0,0.05064605439260545,0.9805110452248715,3.1157099617476987
17,8,0.3,0.1271768963621724,0.965,9.217689636217235
17,8,0.5,0.12630313976140442,0.965,9.130313976140439
17,8,0.7,0.12592989632184615,0.965,9.092989632184612
17,8,1.0,0.12565044557990018,0.965,9.065044557990015
17,10,0.3,0.10218001922103435,0.965,6.718001922103432
17,10,0.5,0.10130426404550358,0.965,6.630426404550355
17,10,0.7,0.10093046994389455,0.965,6.593046994389453
17,10,1.0,0.10065072665671079,0.965,6.565072665671076
17,12,0.3,0.08551647529645859,0.965,5.051647529645856
17,12,0.5,0.08463872164777947,0.965,4.963872164777944
17,12,0.7,0.08426437689532938,0.965,4.926437689532935
17,12,1.0,0.08398434106590678,0.965,4.898434106590675
17,14,0.3,0.07361483599336414,0.965,3.8614835993364114
17,14,0.5,0.07273508399375893,0.965,3.7735083993758898
17,14,0.7,0.07236018860393077,0.965,3.736018860393074
17,14,1.0,0.07207986023586922,0.965,3.707986023586919
17,16,0.3,0.0646893870026457,0.965,2.9689387002645673
17,16,0.5,0.06380763679469448,0.965,2.8807636794694447
17,16,0.7,0.0634321907833353,0.965,2.8432190783335267
17,16,1.0,0.06315156988071281,0.965,2.815156988071278
17,18,0.3,0.057748064808854284,0.965,2.274806480885425
17,18,0.5,0.056864316555490096,0.965,2.1864316555490064
17,18,0.7,0.05648831994026848,0.965,2.148831994026845
17,18,1.0,0.05620740650813294,0.965,2.120740650813291
17,20,0.3,0.05219563129337333,0.965,1.7195631293373301
17,20,0.5,0.0513098851778751,0.965,1.6309885177875072
17,20,0.7,0.05093333797912402,0.965,1.593333797912399
17,20,1.0,0.050652132022751935,0.965,1.5652132022751903
18,8,0.3,0.13072544299663771,0.9298881037095605,6.061354670619826
18,8,0.5,0.12841490866273447,0.9298881037095605,5.830301237229501
18,8,0.7,0.12743298771720757,0.9298881037095605,5.732109142676811
18,8,1.0,0.12669981902746413,0.9298881037095605,5.658792273702468
18,10,0.3,0.1057466430150613,0.9298881037095605,3.5634746724621844
18,10,0.5,0.10342254319719595,0.9298881037095605,3.3310646906756487
18,10,0.7,0.10243688324280481,0.9298881037095605,3.2324986952365355
18,10,1.0,0.1017017279277288,0.9298881037095605,3.1589831637289345
18,12,0.3,0.08910117097350247,0.9298881037095605,1.8989274683063009
18,12,0.5,0.08676351036555602,0.9298881037095605,1.665161407511656
18,12,0.7,0.08577411192012928,0.9298881037095605,1.5662215629689822
18,12,1.0,0.08503697011765897,0.9298881037095605,1.4925073827219513
18,14,0.3,0.07721759722477542,0.9298881037095605,0.7105700934335962
18,14,0.5,0.0748663814562349,0.9298881037095605,0.47544851657954496
18,14,0.7,0.07387324514085414,0.9298881037095605,0.3761348850414681
18,14,1.0,0.07313411701702399,0.9298881037095605,0.30222207265845347
18,16,0.3,0.06831020640899756,0.9298881037095605,-0.18016898814419008
18,16,0.5,0.06594544204503619,0.9298881037095605,-0.4166454245403267
18,16,0.7,0.06494856858287257,0.9298881037095605,-0.5163327707566889
18,16,1.0,0.06420745433136722,0.9298881037095605,-0.5904441959072235
18,18,0.3,0.061386933961345515,0.9298881037095605,-0.8724962329093943
18,18,0.5,0.05900862849910245,0.9298881037095605,-1.110326779133701
18,18,0.7,0.058008018717739716,0.9298881037095605,-1.2103877572699742
18,18,1.0,0.05726491855988413,0.9298881037095605,-1.2846977730555327
18,20,0.3,0.05585254071670194,0.9298881037095605,-1.4259355573737518
18,20,0.5,0.05346070258410156,0.9298881037095605,-1.66511937063379
18,20,0.7,0.0524563574138491,0.9298881037095605,-1.7655538876590353
18,20,1.0,0.051711271598597966,0.9298881037095605,-1.8400624691841492
19,8,0.3,0.1283554448936732,0.9434458348556813,7.180127974935455
19,8,0.5,0.127006187956777,0.9434458348556813,7.045202281245835
19,8,0.7,0.1264308242444823,0.9434458348556813,6.987665910016363
19,8,1.0,0.12600043919433238,0.9434458348556813,6.944627405001372
19,10,0.3,0.10336281818609024,0.9434458348556813,4.680865304177158
19,10,0.5,0.10200884264756847,0.9434458348556813,4.545467750324981
19,10,0.7,0.10143217872159214,0.9434458348556813,4.487801357727348
19,10,1.0,0.10100110289931138,0.9434458348556813,4.444693775499273
19,12,0.3,0.0867035241594542,0.9434458348556813,3.014935901513555
19,12,0.5,0.08534483058728262,0.9434458348556813,2.8790665442963963
19,12,0.7,0.08476686651004176,0.9434458348556813,2.8212701365723096
19,12,1.0,0.08433509993233927,0.9434458348556813,2.7780934788020613
19,14,0.3,0.07480613411162249,0.9434458348556813,1.8251968967303829
19,14,0.5,0.07344272318742459,0.9434458348556813,1.6888558043105935
19,14,0.7,0.07286345903397763,0.9434458348556813,1.6309293889658973
19,14,1.0,0.07243100172092945,0.9434458348556813,1.587683657661079
19,16,0.3,0.06588493362766422,0.9434458348556813,0.9330768483345562
19,16,0.5,0.06451680614537508,0.9434458348556813,0.7962641001056425
19,16,0.7,0.06393624200328489,0.9434458348556813,0.7382076858966233
19,16,1.0,0.06350309397852691,0.9434458348556813,0.6948928834208251
19,18,0.3,0.05894785908422671,0.9434458348556813,0.23936939399080495
19,18,0.5,0.05757501595216958,0.9434458348556813,0.10208508078509218
19,18,0.7,0.05699315192149807,0.9434458348556813,0.04389867771794134
19,18,1.0,0.05655931321135977,0.9434458348556813,0.0005148067041112203
19,20,0.3,0.0533996722563071,0.9434458348556813,-0.3154492888011555
19,20,0.5,0.0520221144956725,0.9434458348556813,-0.45320506486461604
19,20,0.7,0.051438950688978524,0.9434458348556813,-0.5115214455340134
19,20,1.0,0.05100442132378439,0.9434458348556813,-0.5549743820534269
20,8,0.3,0.1306420969060378,0.9799065769215586,11.054867382759639
20,8,0.5,0.12836548082248114,0.9799065769215586,10.827205774403973
20,8,0.7,0.12739785966616773,0.9799065769215586,10.730443658772632
20,8,1.0,0.12667532261502407,0.9799065769215586,10.658189953658265
20,10,0.3,0.10566269325076097,0.9799065769215586,8.556927017231954
20,10,0.5,0.10337289789246804,0.9799065769215586,8.327947481402662
20,10,0.7,0.10240164422058085,0.9799065769215586,8.230822114213943
20,10,1.0,0.10167717713419595,0.9799065769215586,8.158375405575454
20,12,0.3,0.08901661783828037,0.9799065769215586,6.892319475983895
20,12,0.5,0.08671364763563154,0.9799065769215586,6.662022455719012
20,12,0.7,0.08573876193690737,0.9799065769215586,6.564533885846595
20,12,1.0,0.08501236494548421,0.9799065769215586,6.491894186704279
20,14,0.3,0.07713244108173105,0.9799065769215586,5.703901800328963
20,14,0.5,0.074816301348271,0.9799065769215586,5.472287826982958
20,14,0.7,0.07383778420890565,0.9799065769215586,5.374436113046423
20,14,1.0,0.07310945746915419,0.9799065769215586,5.301603439071277
20,16,0.3,0.068224447681386,0.9799065769215586,4.813102460294457
20,16,0.5,0.06589514461392576,0.9799065769215586,4.580172153548434
20,16,0.7,0.0649129967165118,0.9799065769215586,4.481957363807037
20,16,1.0,0.06418274041124046,0.9799065769215586,4.408931733279904
20,18,0.3,0.0613005731325302,0.9799065769215586,4.120715005408878
20,18,0.5,0.0589581138076727,0.9799065769215586,3.886469072923128
20,18,0.7,0.0579723359333232,0.9799065769215586,3.7878912854881785
20,18,1.0,0.05724015027142918,0.9799065769215586,3.7146727192987763
20,20,0.3,0.055765578329843565,0.9799065769215586,3.5672155251402144
20,20,0.5,0.05340997070296822,0.9799065769215586,3.33165476245268
20,20,0.7,0.05242056372977441,0.9799065769215586,3.2327140651332993
20,20,1.0,0.051686448946233914,0.9799065769215586,3.1593025867792495
