region_id,region,declared_coverage_%,gap_min_pp,gap_max_pp,gap_median_pp,n_comb_ge_2pp,contains_zero
1,Абайская,100.0,5.08,12.76,7.28,28,False
2,Акмолинская,97.8,2.85,10.54,5.05,28,False
3,Актюбинская,95.2,0.48,8.75,2.86,18,False
4,Алматинская,97.3,2.51,10.42,4.78,28,False
5,Атырауская,91.1,-3.64,4.56,-1.28,5,True
6,ВКО,94.3,-0.69,6.91,1.48,12,True
7,Жамбылская,95.3,0.54,8.5,2.82,17,False
8,Жетысуская,99.9,4.99,12.71,7.2,28,False
9,ЗКО,92.6,-2.27,5.52,-0.04,8,True
10,Карагандинская,94.0,-0.83,6.99,1.41,12,True
11,Костанайская,94.4,-0.5,7.13,1.68,12,True
12,Кызылординская,97.9,3.13,11.09,5.42,28,False
13,Мангистауская,94.2,-0.49,7.76,1.88,13,True
14,Павлодарская,91.5,-3.31,4.53,-1.06,5,True
15,СКО,97.4,2.4,10.03,4.59,28,False
16,Туркестанская,98.1,3.12,10.77,5.3,28,False
17,Улытауская,96.5,1.57,9.22,3.75,24,False
18,г. Алматы,93.0,-1.84,6.06,0.43,8,True
19,г. Астана,94.3,-0.55,7.18,1.66,12,True
20,г.Шымкент,98.0,3.16,11.05,5.42,28,False
