region_id,region_name,2023,2024,2025,2026,population,rate_2023,rate_2024,rate_2025,rate_2026
1,Абайская,217.0,742.0,39.0,89.0,610200,35.56211078334972,121.59947558177647,6.391347099311701,14.585381842019011
2,Акмолинская,375.0,877.0,226.0,181.0,788000,47.588832487309645,111.29441624365482,28.680203045685282,22.96954314720812
3,Актюбинская,2179.0,3772.0,32.0,409.0,928000,234.8060344827586,406.4655172413793,3.4482758620689657,44.07327586206897
4,Алматинская,2793.0,2478.0,122.0,600.0,1500000,186.2,165.20000000000002,8.133333333333333,40.0
5,Атырауская,1833.0,2252.0,304.0,403.0,695000,263.7410071942446,324.0287769784173,43.7410071942446,57.985611510791365
6,ВКО,278.0,361.0,268.0,53.0,730000,38.082191780821915,49.45205479452055,36.71232876712329,7.26027397260274
7,Жамбылская,3584.0,1177.0,927.0,563.0,1215000,294.9794238683127,96.8724279835391,76.2962962962963,46.33744855967078
8,Жетысуская,576.0,729.0,41.0,145.0,698000,82.52148997134671,104.44126074498567,5.873925501432665,20.773638968481375
9,ЗКО,477.0,1296.0,21.0,298.0,689000,69.23076923076923,188.0986937590711,3.0478955007256894,43.2510885341074
10,Карагандинская,805.0,2226.0,108.0,490.0,1135000,70.9251101321586,196.12334801762114,9.515418502202643,43.17180616740088
11,Костанайская,219.0,686.0,52.0,294.0,832000,26.322115384615387,82.45192307692308,6.25,35.33653846153847
12,Кызылординская,1682.0,1556.0,339.0,99.0,833000,201.92076830732293,186.79471788715486,40.696278511404564,11.884753901560625
13,Мангистауская,2864.0,1920.0,81.0,236.0,766000,373.89033942558746,250.65274151436032,10.574412532637075,30.809399477806785
14,Павлодарская,604.0,1622.0,150.0,402.0,755000,80.0,214.8344370860927,19.867549668874172,53.245033112582774
15,СКО,241.0,338.0,70.0,74.0,534000,45.1310861423221,63.29588014981273,13.108614232209737,13.857677902621722
16,Туркестанская,2285.0,443.0,25.0,48.0,2118000,107.88479697828139,20.915958451369217,1.1803588290840414,2.26628895184136
17,Улытауская,171.0,116.0,20.0,94.0,221000,77.37556561085972,52.48868778280543,9.049773755656108,42.53393665158371
18,г. Алматы,4021.0,3304.0,460.0,917.0,2162000,185.98519888991675,152.8214616096207,21.27659574468085,42.41443108233118
19,г. Астана,1131.0,1605.0,954.0,1732.0,1354000,83.53028064992614,118.53766617429837,70.45790251107829,127.91728212703103
20,г.Шымкент,3396.0,647.0,1.0,0.0,1212000,280.1980198019802,53.382838283828384,0.08250825082508251,0.0
