region,period,confirmed,vaccinated_1_dose,vaccinated_2_doses,unvaccinated_refusal,unvaccinated_medical_exemption,unvaccinated_other,unvaccinated_too_young,status_unknown
2,2025,226,9,6,83,23,2.0,60,43
2,2026_jan_jul,181,11,43,22,3,0.0,8,94
3,2025,32,2,0,20,1,0.0,7,2
3,2026_jan_jul,409,45,12,240,16,0.0,57,39
4,2025,122,12,0,40,30,0.0,35,5
4,2026_jan_jul,600,79,21,162,146,,134,58
5,2025,304,31,5,132,53,0.0,64,19
5,2026_jan_jul,403,39,7,193,30,0.0,92,42
6,2025,268,8,24,46,36,4.0,67,83
6,2026_jan_jul,53,12,9,10,6,3.0,7,6
7,2025,927,151,24,270,134,40.0,219,89
7,2026_jan_jul,563,78,28,150,77,8.0,122,100
9,2025,21,0,7,2,5,0.0,3,4
9,2026_jan_jul,298,15,15,71,77,0.0,84,36
10,2025,108,12,14,36,18,0.0,18,10
10,2026_jan_jul,490,59,15,185,49,0.0,138,44
11,2025,52,1,4,23,2,0.0,10,12
11,2026_jan_jul,294,14,12,105,24,0.0,91,48
12,2025,339,65,12,112,41,0.0,88,21
12,2026_jan_jul,99,12,2,36,4,0.0,35,10
13,2025,81,11,8,25,8,0.0,16,13
13,2026_jan_jul,236,57,13,81,20,0.0,47,18
14,2025,150,11,9,72,10,0.0,35,13
14,2026_jan_jul,402,43,14,203,24,0.0,64,54
15,2025,70,2,3,24,9,0.0,20,12
15,2026_jan_jul,74,5,9,28,9,0.0,7,16
16,2025,25,4,2,2,3,3.0,7,4
16,2026_jan_jul,48,15,6,8,8,3.0,8,0
18,2025,460,30,4,223,58,5.0,97,43
18,2026_jan_jul,917,36,1,456,134,0.0,202,88
19,2025,954,20,4,544,70,88.0,164,64
19,2026_jan_jul,1732,24,21,806,179,61.0,346,295
20,2025,1,0,0,0,0,0.0,0,1
20,2026_jan_jul,0,0,0,0,0,0.0,0,0
1,2025,39,5,5,5,15,0.0,6,3
1,2026_jan_jul,89,26,9,8,11,0.0,19,16
8,2025,41,3,1,12,9,,14,2
8,2026_jan_jul,145,11,10,38,27,0.0,38,21
17,2025,20,2,0,15,2,0.0,1,0
17,2026_jan_jul,94,11,3,40,15,2.0,18,5
