region,year,month,dose1_pct_of_annual_plan,dose2_pct_of_annual_plan
1,2019,1,,
1,2019,2,,
1,2019,3,,
1,2019,4,,
1,2019,5,,
1,2019,6,,
1,2019,7,,
1,2019,8,,
1,2019,9,,
1,2019,10,,
1,2019,11,,
1,2019,12,,
1,2020,1,,
1,2020,2,,
1,2020,3,,
1,2020,4,,
1,2020,5,,
1,2020,6,,
1,2020,7,,
1,2020,8,,
1,2020,9,,
1,2020,10,,
1,2020,11,,
1,2020,12,,
1,2021,1,,
1,2021,2,,
1,2021,3,,
1,2021,4,,
1,2021,5,,
1,2021,6,,
1,2021,7,,
1,2021,8,,
1,2021,9,,
1,2021,10,,
1,2021,11,,
1,2021,12,,
1,2022,1,,
1,2022,2,,
1,2022,3,,
1,2022,4,,
1,2022,5,,
1,2022,6,,
1,2022,7,,
1,2022,8,,
1,2022,9,,
1,2022,10,,
1,2022,11,,
1,2022,12,,
1,2023,1,8.1,8.0
1,2023,2,7.9,11.7
1,2023,3,7.9,11.7
1,2023,4,8.7,9.3
1,2023,5,7.5,7.0
1,2023,6,7.6,7.6
1,2023,7,4.8,2.9
1,2023,8,8.8,3.6
1,2023,9,8.4,8.3
1,2023,10,13.2,19.0
1,2023,11,12.1,14.0
1,2023,12,7.8,5.7
1,2024,1,8.4,9.3
1,2024,2,6.8,5.8
1,2024,3,10.5,9.1
1,2024,4,6.4,8.6
1,2024,5,9.8,7.7
1,2024,6,8.0,8.6
1,2024,7,7.7,5.1
1,2024,8,9.3,8.0
1,2024,9,6.0,11.2
1,2024,10,7.0,7.9
1,2024,11,7.3,8.7
1,2024,12,8.1,8.1
1,2025,1,6.9,6.6
1,2025,2,9.0,6.4
1,2025,3,7.9,6.9
1,2025,4,7.9,9.1
1,2025,5,7.7,6.3
1,2025,6,7.7,7.3
1,2025,7,7.0,5.9
1,2025,8,6.7,6.9
1,2025,9,6.7,8.4
1,2025,10,7.3,8.0
1,2025,11,5.7,6.5
1,2025,12,11.0,12.6
1,2026,1,8.1,8.0
1,2026,2,8.2,6.4
1,2026,3,7.2,6.4
1,2026,4,7.01,6.85
1,2026,5,7.2,6.2
1,2026,6,8.4,12.4
1,2026,7,4.2,2.4
2,2019,1,11.700756965694959,12.6
2,2019,2,9.6,9.8
2,2019,3,7.1,6.4
2,2019,4,10.3,11.0
2,2019,5,8.6,9.5
2,2019,6,10.2,12.8
2,2019,7,8.6,6.2
2,2019,8,9.5,1.6
2,2019,9,7.4,10.4
2,2019,10,9.8,4.8
2,2019,11,7.7,5.1
2,2019,12,4.9,5.1
2,2020,1,8.2,6.0
2,2020,2,9.9,9.3
2,2020,3,7.9,8.2
2,2020,4,1.9,1.9
2,2020,5,10.0,14.7
2,2020,6,9.6,14.2
2,2020,7,4.6,4.4
2,2020,8,11.3,4.9
2,2020,9,9.8,2.5
2,2020,10,9.8,12.8
2,2020,11,11.5,18.1
2,2020,12,4.7,9.3
2,2021,1,5.9,5.1
2,2021,2,6.7,6.3
2,2021,3,6.4,7.7
2,2021,4,8.8,11.0
2,2021,5,7.2,9.2
2,2021,6,11.2,11.1
2,2021,7,6.3,6.1
2,2021,8,8.1,1.8
2,2021,9,8.4,1.8
2,2021,10,7.2,6.1
2,2021,11,7.4,5.9
2,2021,12,9.9,10.4
2,2022,1,6.0,4.6
2,2022,2,9.7,10.0
2,2022,3,7.0,8.0
2,2022,4,9.4,13.3
2,2022,5,7.7,11.7
2,2022,6,8.4,12.4
2,2022,7,9.5,4.1
2,2022,8,9.8,1.9
2,2022,9,8.8,1.7
2,2022,10,7.2,3.4
2,2022,11,8.0,8.1
2,2022,12,6.9,12.3
2,2023,1,8.5,10.2
2,2023,2,7.9,8.9
2,2023,3,7.9,8.9
2,2023,4,10.3,13.6
2,2023,5,8.3,11.0
2,2023,6,8.3,11.7
2,2023,7,8.7,4.1
2,2023,8,8.2,2.5
2,2023,9,7.4,8.1
2,2023,10,8.0,8.3
2,2023,11,12.1,10.7
2,2023,12,7.3,7.3
2,2024,1,8.1,8.4
2,2024,2,7.4,7.4
2,2024,3,7.0,7.0
2,2024,4,8.6,11.6
2,2024,5,7.1,8.6
2,2024,6,7.9,7.2
2,2024,7,8.6,7.9
2,2024,8,8.0,8.2
2,2024,9,6.9,6.9
2,2024,10,6.6,6.8
2,2024,11,6.4,8.0
2,2024,12,6.9,6.5
2,2025,1,8.7,7.4
2,2025,2,8.4,7.3
2,2025,3,7.2,7.6
2,2025,4,9.2,10.5
2,2025,5,7.8,7.0
2,2025,6,8.3,4.0
2,2025,7,8.7,7.7
2,2025,8,9.4,8.9
2,2025,9,7.6,7.4
2,2025,10,7.9,10.0
2,2025,11,6.2,5.7
2,2025,12,4.2,7.3
2,2026,1,8.5,8.2
2,2026,2,9.0,7.3
2,2026,3,7.2,7.6
2,2026,4,6.27,6.52
2,2026,5,7.8,7.0
2,2026,6,8.6,8.9
2,2026,7,8.7,4.1
3,2019,1,9.429496761335326,8.9
3,2019,2,8.7,8.2
3,2019,3,7.9,6.9
3,2019,4,9.8,9.9
3,2019,5,8.8,9.5
3,2019,6,8.0,12.7
3,2019,7,8.3,3.1
3,2019,8,9.3,0.1
3,2019,9,7.9,19.9
3,2019,10,8.7,3.6
3,2019,11,8.1,6.8
3,2019,12,3.9,7.6
3,2020,1,8.2,7.2
3,2020,2,8.5,9.4
3,2020,3,6.2,4.8
3,2020,4,0.1,0.1
3,2020,5,8.3,9.1
3,2020,6,5.8,13.8
3,2020,7,3.9,0.6
3,2020,8,10.1,0.1
3,2020,9,11.3,0.4
3,2020,10,10.9,23.9
3,2020,11,10.5,16.7
3,2020,12,8.6,13.2
3,2021,1,7.4,8.5
3,2021,2,7.2,6.3
3,2021,3,7.2,7.5
3,2021,4,8.5,13.8
3,2021,5,8.2,11.2
3,2021,6,8.8,9.9
3,2021,7,6.6,1.7
3,2021,8,5.5,0.0
3,2021,9,8.2,0.1
3,2021,10,9.4,17.0
3,2021,11,7.4,9.7
3,2021,12,8.7,11.4
3,2022,1,6.8,7.3
3,2022,2,10.2,10.9
3,2022,3,7.6,6.8
3,2022,4,9.6,13.8
3,2022,5,8.2,10.0
3,2022,6,8.6,8.9
3,2022,7,8.2,1.8
3,2022,8,8.9,0.1
3,2022,9,9.0,0.1
3,2022,10,6.9,11.7
3,2022,11,7.4,14.2
3,2022,12,4.9,10.7
3,2023,1,7.6,8.2
3,2023,2,8.2,9.8
3,2023,3,8.2,9.8
3,2023,4,8.9,11.3
3,2023,5,7.6,8.6
3,2023,6,9.2,7.5
3,2023,7,9.5,1.8
3,2023,8,9.0,0.2
3,2023,9,4.1,15.8
3,2023,10,8.7,11.2
3,2023,11,4.6,10.2
3,2023,12,4.8,6.8
3,2024,1,7.9,7.0
3,2024,2,6.7,6.2
3,2024,3,6.7,5.6
3,2024,4,6.5,12.0
3,2024,5,8.5,6.3
3,2024,6,10.5,7.2
3,2024,7,9.3,5.4
3,2024,8,7.7,6.6
3,2024,9,7.6,8.7
3,2024,10,7.0,8.3
3,2024,11,9.8,11.7
3,2024,12,3.9,9.9
3,2025,1,7.2,5.8
3,2025,2,6.6,5.6
3,2025,3,6.7,6.9
3,2025,4,8.5,11.7
3,2025,5,7.6,7.1
3,2025,6,7.6,4.7
3,2025,7,6.6,6.7
3,2025,8,5.8,6.2
3,2025,9,7.7,12.5
3,2025,10,7.1,9.0
3,2025,11,6.7,7.6
3,2025,12,8.0,9.1
3,2026,1,7.6,8.2
3,2026,2,8.6,5.2
3,2026,3,6.7,6.9
3,2026,4,6.22,5.7
3,2026,5,7.6,7.1
3,2026,6,9.4,12.5
3,2026,7,9.5,1.8
4,2019,1,8.812224836357707,9.3
4,2019,2,9.4,11.5
4,2019,3,7.1,7.9
4,2019,4,8.7,8.3
4,2019,5,8.1,9.1
4,2019,6,8.2,11.8
4,2019,7,8.0,3.1
4,2019,8,8.2,1.0
4,2019,9,8.0,23.9
4,2019,10,8.0,3.2
4,2019,11,8.1,4.7
4,2019,12,7.1,6.1
4,2020,1,8.2,7.2
4,2020,2,8.5,9.0
4,2020,3,6.3,5.7
4,2020,4,0.2,0.3
4,2020,5,12.4,8.7
4,2020,6,10.0,21.5
4,2020,7,5.5,2.0
4,2020,8,10.4,1.5
4,2020,9,9.4,2.1
4,2020,10,10.1,12.8
4,2020,11,8.6,12.0
4,2020,12,8.9,11.1
4,2021,1,7.6,7.4
4,2021,2,8.0,6.9
4,2021,3,7.5,6.7
4,2021,4,8.1,10.1
4,2021,5,7.6,11.7
4,2021,6,8.5,14.9
4,2021,7,7.4,2.5
4,2021,8,8.6,1.2
4,2021,9,8.2,1.6
4,2021,10,7.5,7.9
4,2021,11,6.8,10.7
4,2021,12,8.5,9.0
4,2022,1,8.8,7.5
4,2022,2,8.8,9.8
4,2022,3,7.8,8.7
4,2022,4,9.1,11.0
4,2022,5,8.4,10.2
4,2022,6,9.4,12.5
4,2022,7,8.1,3.9
4,2022,8,8.7,1.6
4,2022,9,8.6,1.7
4,2022,10,5.9,5.7
4,2022,11,9.2,13.6
4,2022,12,6.0,12.9
4,2023,1,8.1,8.2
4,2023,2,9.3,10.4
4,2023,3,9.3,10.4
4,2023,4,3.5,4.3
4,2023,5,7.3,6.4
4,2023,6,11.2,10.1
4,2023,7,11.5,4.4
4,2023,8,10.4,2.9
4,2023,9,9.4,22.1
4,2023,10,7.5,12.7
4,2023,11,8.9,6.7
4,2023,12,8.2,12.6
4,2024,1,5.8,5.8
4,2024,2,7.1,5.5
4,2024,3,6.3,7.5
4,2024,4,5.6,8.8
4,2024,5,6.8,7.8
4,2024,6,5.6,5.9
4,2024,7,8.5,7.5
4,2024,8,12.2,10.6
4,2024,9,9.1,9.4
4,2024,10,9.3,9.3
4,2024,11,8.4,7.7
4,2024,12,7.5,6.4
4,2025,1,5.4,4.2
4,2025,2,2.5,2.5
4,2025,3,10.8,9.8
4,2025,4,10.4,11.6
4,2025,5,10.3,9.5
4,2025,6,10.7,13.5
4,2025,7,7.9,7.5
4,2025,8,7.8,8.5
4,2025,9,8.9,10.3
4,2025,10,6.9,7.6
4,2025,11,6.7,6.8
4,2025,12,7.3,7.2
4,2026,1,8.6,8.2
4,2026,2,4.5,2.4
4,2026,3,10.8,9.8
4,2026,4,5.2,4.65
4,2026,5,9.3,8.2
4,2026,6,10.1,14.8
4,2026,7,11.5,4.2
5,2019,1,11.932903956401727,9.3
5,2019,2,7.3,5.4
5,2019,3,2.3,1.3
5,2019,4,14.0,16.8
5,2019,5,8.8,13.1
5,2019,6,9.0,20.8
5,2019,7,8.3,6.1
5,2019,8,8.0,0.3
5,2019,9,7.6,5.5
5,2019,10,8.1,1.1
5,2019,11,7.1,11.8
5,2019,12,6.1,6.7
5,2020,1,7.2,4.9
5,2020,2,8.1,7.0
5,2020,3,4.7,3.5
5,2020,4,0.0,0.2
5,2020,5,6.6,6.5
5,2020,6,5.2,15.0
5,2020,7,1.3,2.4
5,2020,8,11.3,4.4
5,2020,9,9.5,2.0
5,2020,10,9.1,9.8
5,2020,11,8.4,15.2
5,2020,12,7.4,8.9
5,2021,1,6.6,5.1
5,2021,2,5.6,5.6
5,2021,3,7.1,5.4
5,2021,4,7.5,14.2
5,2021,5,7.0,12.4
5,2021,6,7.2,17.0
5,2021,7,4.7,4.0
5,2021,8,5.2,0.9
5,2021,9,7.5,0.6
5,2021,10,7.2,4.3
5,2021,11,8.4,7.6
5,2021,12,13.5,13.1
5,2022,1,7.8,5.5
5,2022,2,9.9,9.4
5,2022,3,7.4,6.2
5,2022,4,9.8,21.1
5,2022,5,8.1,12.6
5,2022,6,10.1,14.8
5,2022,7,9.1,3.6
5,2022,8,10.1,0.7
5,2022,9,8.6,0.9
5,2022,10,7.1,5.3
5,2022,11,7.0,9.8
5,2022,12,4.4,7.6
5,2023,1,8.4,7.8
5,2023,2,8.7,8.5
5,2023,3,8.7,8.5
5,2023,4,9.9,18.7
5,2023,5,9.1,12.1
5,2023,6,9.7,11.8
5,2023,7,8.8,2.9
5,2023,8,8.4,0.6
5,2023,9,7.6,4.5
5,2023,10,9.8,15.9
5,2023,11,13.3,8.1
5,2023,12,7.8,5.5
5,2024,1,8.4,6.2
5,2024,2,7.8,6.0
5,2024,3,5.5,4.2
5,2024,4,7.2,10.8
5,2024,5,9.4,9.1
5,2024,6,15.3,9.8
5,2024,7,7.2,6.1
5,2024,8,8.3,9.5
5,2024,9,9.9,10.8
5,2024,10,7.5,6.0
5,2024,11,7.0,6.6
5,2024,12,6.6,6.8
5,2025,1,6.5,4.5
5,2025,2,8.5,9.4
5,2025,3,9.0,10.0
5,2025,4,8.4,9.7
5,2025,5,6.7,5.8
5,2025,6,7.7,0.7
5,2025,7,7.6,8.5
5,2025,8,8.4,6.2
5,2025,9,7.7,10.2
5,2025,10,7.1,8.3
5,2025,11,6.6,7.1
5,2025,12,7.4,6.9
5,2026,1,8.4,7.8
5,2026,2,8.5,9.4
5,2026,3,9.0,10.0
5,2026,4,5.3,4.1
5,2026,5,6.7,7.8
5,2026,6,7.9,6.6
5,2026,7,8.8,2.4
6,2019,1,10.447394296951819,10.0
6,2019,2,8.9,10.8
6,2019,3,7.8,8.4
6,2019,4,9.1,7.2
6,2019,5,7.5,8.0
6,2019,6,8.1,6.6
6,2019,7,8.0,5.0
6,2019,8,7.7,1.6
6,2019,9,8.1,16.9
6,2019,10,7.4,5.5
6,2019,11,7.9,6.9
6,2019,12,5.9,8.1
6,2020,1,8.4,8.0
6,2020,2,8.8,9.0
6,2020,3,6.3,5.1
6,2020,4,0.7,0.6
6,2020,5,8.7,6.5
6,2020,6,9.6,11.2
6,2020,7,2.2,2.6
6,2020,8,7.8,2.1
6,2020,9,10.9,3.4
6,2020,10,9.8,15.8
6,2020,11,9.6,15.3
6,2020,12,6.8,10.2
6,2021,1,7.8,6.3
6,2021,2,8.5,9.4
6,2021,3,6.9,8.3
6,2021,4,7.5,9.4
6,2021,5,7.3,6.9
6,2021,6,7.4,6.7
6,2021,7,6.5,4.8
6,2021,8,7.5,3.4
6,2021,9,7.4,2.5
6,2021,10,8.5,12.0
6,2021,11,9.1,10.0
6,2021,12,7.9,13.9
6,2022,1,8.2,6.0
6,2022,2,10.1,12.0
6,2022,3,7.6,9.4
6,2022,4,8.9,13.9
6,2022,5,8.3,11.0
6,2022,6,7.9,6.6
6,2022,7,8.4,4.3
6,2022,8,8.3,2.9
6,2022,9,9.3,2.9
6,2022,10,7.5,12.4
6,2022,11,8.4,11.7
6,2022,12,5.4,9.4
6,2023,1,8.3,10.4
6,2023,2,7.9,8.3
6,2023,3,7.9,8.3
6,2023,4,9.2,11.8
6,2023,5,7.6,11.2
6,2023,6,7.5,4.6
6,2023,7,8.3,2.8
6,2023,8,8.4,3.1
6,2023,9,6.7,11.9
6,2023,10,7.4,11.0
6,2023,11,11.2,10.9
6,2023,12,5.6,7.9
6,2024,1,8.4,9.9
6,2024,2,7.0,5.5
6,2024,3,5.5,7.2
6,2024,4,7.2,8.1
6,2024,5,6.1,6.2
6,2024,6,10.6,10.4
6,2024,7,8.5,11.9
6,2024,8,8.0,6.9
6,2024,9,7.8,6.4
6,2024,10,7.5,8.4
6,2024,11,8.9,8.8
6,2024,12,9.8,7.2
6,2025,1,6.8,7.3
6,2025,2,7.2,7.1
6,2025,3,7.2,5.9
6,2025,4,10.5,10.2
6,2025,5,6.7,6.8
6,2025,6,8.7,4.5
6,2025,7,6.6,4.7
6,2025,8,8.4,6.3
6,2025,9,8.3,12.6
6,2025,10,8.5,9.6
6,2025,11,7.2,7.2
6,2025,12,7.3,8.8
6,2026,1,8.3,9.4
6,2026,2,7.2,7.1
6,2026,3,7.2,5.9
6,2026,4,6.72,7.32
6,2026,5,6.7,6.8
6,2026,6,8.7,6.8
6,2026,7,8.2,2.4
7,2019,1,9.555690809494827,9.7
7,2019,2,9.9,11.4
7,2019,3,7.6,9.2
7,2019,4,9.1,12.3
7,2019,5,9.0,16.3
7,2019,6,7.7,9.9
7,2019,7,7.6,2.6
7,2019,8,8.2,0.8
7,2019,9,7.9,8.1
7,2019,10,7.7,8.0
7,2019,11,8.2,6.8
7,2019,12,3.7,5.9
7,2020,1,8.0,5.9
7,2020,2,9.0,10.4
7,2020,3,7.1,6.5
7,2020,4,0.4,0.3
7,2020,5,10.4,9.0
7,2020,6,8.6,12.1
7,2020,7,3.6,2.3
7,2020,8,11.7,3.3
7,2020,9,10.0,0.7
7,2020,10,10.1,5.7
7,2020,11,9.7,18.4
7,2020,12,6.2,17.2
7,2021,1,7.7,6.4
7,2021,2,8.2,9.4
7,2021,3,7.5,9.5
7,2021,4,8.2,13.8
7,2021,5,7.8,11.6
7,2021,6,8.0,8.0
7,2021,7,6.9,2.6
7,2021,8,7.1,1.4
7,2021,9,8.6,0.7
7,2021,10,4.3,10.5
7,2021,11,5.5,17.0
7,2021,12,11.9,7.1
7,2022,1,8.7,5.8
7,2022,2,9.4,9.3
7,2022,3,7.4,8.6
7,2022,4,9.4,16.1
7,2022,5,8.3,13.0
7,2022,6,8.7,6.8
7,2022,7,7.1,1.8
7,2022,8,9.3,1.4
7,2022,9,8.8,1.3
7,2022,10,6.8,5.0
7,2022,11,8.8,16.3
7,2022,12,6.0,11.0
7,2023,1,8.0,5.4
7,2023,2,10.0,12.5
7,2023,3,10.0,12.5
7,2023,4,9.0,13.8
7,2023,5,7.8,7.5
7,2023,6,7.7,5.4
7,2023,7,7.8,3.3
7,2023,8,8.1,2.1
7,2023,9,7.0,10.6
7,2023,10,7.4,11.8
7,2023,11,12.1,12.2
7,2023,12,3.5,5.4
7,2024,1,7.2,7.2
7,2024,2,8.8,7.1
7,2024,3,6.5,6.9
7,2024,4,7.1,9.4
7,2024,5,7.6,9.4
7,2024,6,8.0,5.6
7,2024,7,7.4,5.0
7,2024,8,7.3,7.0
7,2024,9,8.2,6.9
7,2024,10,7.7,9.0
7,2024,11,7.4,8.9
7,2024,12,7.0,5.8
7,2025,1,7.4,5.5
7,2025,2,8.1,6.7
7,2025,3,7.5,8.2
7,2025,4,8.8,10.0
7,2025,5,7.2,6.6
7,2025,6,7.9,3.8
7,2025,7,7.8,5.8
7,2025,8,7.5,8.0
7,2025,9,7.6,8.5
7,2025,10,7.0,8.2
7,2025,11,6.0,6.7
7,2025,12,11.3,16.2
7,2026,1,8.0,5.4
7,2026,2,8.1,6.7
7,2026,3,7.5,8.2
7,2026,4,5.76,5.4
7,2026,5,7.2,6.6
7,2026,6,9.0,5.4
7,2026,7,7.8,4.2
8,2019,1,,
8,2019,2,,
8,2019,3,,
8,2019,4,,
8,2019,5,,
8,2019,6,,
8,2019,7,,
8,2019,8,,
8,2019,9,,
8,2019,10,,
8,2019,11,,
8,2019,12,,
8,2020,1,,
8,2020,2,,
8,2020,3,,
8,2020,4,,
8,2020,5,,
8,2020,6,,
8,2020,7,,
8,2020,8,,
8,2020,9,,
8,2020,10,,
8,2020,11,,
8,2020,12,,
8,2021,1,,
8,2021,2,,
8,2021,3,,
8,2021,4,,
8,2021,5,,
8,2021,6,,
8,2021,7,,
8,2021,8,,
8,2021,9,,
8,2021,10,,
8,2021,11,,
8,2021,12,,
8,2022,1,,
8,2022,2,,
8,2022,3,,
8,2022,4,,
8,2022,5,,
8,2022,6,,
8,2022,7,,
8,2022,8,,
8,2022,9,,
8,2022,10,,
8,2022,11,,
8,2022,12,,
8,2023,1,8.6,8.8
8,2023,2,8.9,8.7
8,2023,3,8.9,8.7
8,2023,4,9.8,10.7
8,2023,5,7.4,8.5
8,2023,6,8.3,14.6
8,2023,7,8.9,2.0
8,2023,8,8.3,0.4
8,2023,9,7.5,8.5
8,2023,10,6.9,9.4
8,2023,11,9.6,9.2
8,2023,12,6.8,8.5
8,2024,1,6.9,7.8
8,2024,2,8.1,7.3
8,2024,3,7.4,7.3
8,2024,4,8.3,9.7
8,2024,5,7.5,7.8
8,2024,6,8.6,7.5
8,2024,7,8.5,7.7
8,2024,8,7.3,7.5
8,2024,9,7.0,7.3
8,2024,10,7.0,7.2
8,2024,11,8.0,9.7
8,2024,12,8.0,8.4
8,2025,1,6.5,6.6
8,2025,2,6.1,5.7
8,2025,3,7.3,7.5
8,2025,4,8.8,8.6
8,2025,5,7.2,7.9
8,2025,6,9.0,5.4
8,2025,7,7.6,7.5
8,2025,8,6.9,8.6
8,2025,9,7.0,7.5
8,2025,10,7.0,8.3
8,2025,11,6.8,7.3
8,2025,12,9.6,9.7
8,2026,1,8.6,8.8
8,2026,2,6.1,5.7
8,2026,3,7.3,7.5
8,2026,4,6.28,6.2
8,2026,5,7.2,7.2
8,2026,6,9.8,5.4
8,2026,7,8.9,2.0
9,2019,1,9.512341962673089,8.9
9,2019,2,11.1,10.5
9,2019,3,6.5,4.8
9,2019,4,13.9,12.9
9,2019,5,6.9,9.0
9,2019,6,6.7,4.1
9,2019,7,7.1,1.7
9,2019,8,5.5,0.4
9,2019,9,6.6,12.4
9,2019,10,8.2,14.8
9,2019,11,8.2,7.6
9,2019,12,5.7,11.3
9,2020,1,8.2,8.9
9,2020,2,7.4,9.9
9,2020,3,6.3,5.8
9,2020,4,0.4,0.2
9,2020,5,6.6,3.3
9,2020,6,3.8,2.0
9,2020,7,0.7,0.2
9,2020,8,11.7,0.4
9,2020,9,11.1,0.9
9,2020,10,10.6,29.7
9,2020,11,9.2,20.4
9,2020,12,9.6,14.6
9,2021,1,6.1,7.1
9,2021,2,6.1,7.4
9,2021,3,6.2,9.9
9,2021,4,7.6,10.7
9,2021,5,7.1,9.3
9,2021,6,7.9,5.6
9,2021,7,6.3,1.6
9,2021,8,7.5,0.3
9,2021,9,8.0,0.5
9,2021,10,8.3,16.0
9,2021,11,7.9,14.6
9,2021,12,10.9,16.7
9,2022,1,7.0,8.0
9,2022,2,11.7,14.0
9,2022,3,6.8,10.4
9,2022,4,10.7,11.1
9,2022,5,7.5,9.1
9,2022,6,9.8,5.4
9,2022,7,10.1,2.0
9,2022,8,9.0,0.5
9,2022,9,8.2,0.3
9,2022,10,7.1,13.0
9,2022,11,9.3,20.3
9,2022,12,1.8,13.0
9,2023,1,7.3,9.1
9,2023,2,8.5,10.4
9,2023,3,8.5,10.4
9,2023,4,9.9,11.7
9,2023,5,8.6,6.6
9,2023,6,9.0,4.9
9,2023,7,8.5,1.7
9,2023,8,8.4,0.6
9,2023,9,8.5,20.2
9,2023,10,6.9,14.3
9,2023,11,11.7,11.9
9,2023,12,2.5,5.0
9,2024,1,6.7,6.4
9,2024,2,7.4,7.0
9,2024,3,5.4,6.3
9,2024,4,7.6,7.4
9,2024,5,6.7,7.8
9,2024,6,9.5,5.8
9,2024,7,8.4,4.8
9,2024,8,9.4,4.6
9,2024,9,8.1,16.1
9,2024,10,7.3,12.8
9,2024,11,9.5,10.4
9,2024,12,8.7,8.3
9,2025,1,8.5,8.2
9,2025,2,7.2,7.1
9,2025,3,7.1,6.3
9,2025,4,9.0,10.5
9,2025,5,7.9,7.9
9,2025,6,7.3,2.4
9,2025,7,8.4,4.1
9,2025,8,7.7,4.4
9,2025,9,6.1,18.2
9,2025,10,6.6,10.7
9,2025,11,7.6,10.3
9,2025,12,6.9,7.9
9,2026,1,7.3,9.1
9,2026,2,7.2,7.1
9,2026,3,7.1,6.3
9,2026,4,5.84,5.92
9,2026,5,7.9,7.2
9,2026,6,9.1,9.1
9,2026,7,8.5,1.7
10,2019,1,9.743490652625477,11.2
10,2019,2,8.4,9.0
10,2019,3,7.5,7.2
10,2019,4,9.6,11.6
10,2019,5,7.7,10.5
10,2019,6,8.8,12.6
10,2019,7,8.1,4.6
10,2019,8,7.7,1.9
10,2019,9,7.5,14.1
10,2019,10,7.7,3.4
10,2019,11,6.6,5.7
10,2019,12,6.5,6.9
10,2020,1,6.8,5.7
10,2020,2,7.8,8.1
10,2020,3,4.2,4.7
10,2020,4,0.0,0.0
10,2020,5,7.6,9.1
10,2020,6,8.1,16.3
10,2020,7,2.7,2.4
10,2020,8,11.7,2.2
10,2020,9,9.7,2.6
10,2020,10,10.7,13.5
10,2020,11,10.7,14.5
10,2020,12,8.5,8.1
10,2021,1,6.6,5.0
10,2021,2,7.4,7.3
10,2021,3,8.1,8.5
10,2021,4,8.6,12.5
10,2021,5,7.3,10.8
10,2021,6,8.6,11.3
10,2021,7,4.9,3.3
10,2021,8,5.2,1.5
10,2021,9,8.2,3.0
10,2021,10,8.9,8.2
10,2021,11,8.8,9.1
10,2021,12,10.5,10.7
10,2022,1,7.1,4.8
10,2022,2,10.4,8.3
10,2022,3,7.4,10.1
10,2022,4,9.1,15.7
10,2022,5,8.4,10.5
10,2022,6,9.1,9.1
10,2022,7,8.3,4.2
10,2022,8,8.8,2.1
10,2022,9,8.6,2.6
10,2022,10,7.2,6.7
10,2022,11,7.4,10.7
10,2022,12,6.9,8.1
10,2023,1,7.6,6.0
10,2023,2,7.3,8.9
10,2023,3,7.3,8.9
10,2023,4,8.5,16.3
10,2023,5,7.9,9.7
10,2023,6,8.7,8.1
10,2023,7,8.4,4.3
10,2023,8,8.4,2.0
10,2023,9,8.0,6.1
10,2023,10,7.3,10.9
10,2023,11,12.8,13.3
10,2023,12,7.1,7.0
10,2024,1,8.0,10.8
10,2024,2,7.7,6.0
10,2024,3,6.7,7.5
10,2024,4,7.3,10.3
10,2024,5,7.0,7.2
10,2024,6,7.4,7.0
10,2024,7,7.2,6.3
10,2024,8,8.3,6.8
10,2024,9,7.4,7.0
10,2024,10,8.3,8.2
10,2024,11,8.1,7.9
10,2024,12,6.8,6.7
10,2025,1,7.2,5.6
10,2025,2,7.7,6.6
10,2025,3,6.5,7.3
10,2025,4,9.0,11.8
10,2025,5,7.9,8.5
10,2025,6,9.0,1.6
10,2025,7,9.4,8.0
10,2025,8,8.4,6.9
10,2025,9,7.8,6.6
10,2025,10,7.9,8.3
10,2025,11,6.3,6.0
10,2025,12,9.9,11.7
10,2026,1,7.6,6.1
10,2026,2,7.2,6.2
10,2026,3,6.5,7.3
10,2026,4,6.76,6.73
10,2026,5,7.9,8.5
10,2026,6,9.2,9.7
10,2026,7,8.4,4.3
11,2019,1,8.185404339250493,6.7
11,2019,2,8.3,9.0
11,2019,3,8.3,9.5
11,2019,4,10.2,13.5
11,2019,5,7.5,11.7
11,2019,6,8.5,9.2
11,2019,7,7.2,4.5
11,2019,8,7.1,2.2
11,2019,9,8.1,12.6
11,2019,10,8.3,6.2
11,2019,11,8.5,5.6
11,2019,12,6.0,4.1
11,2020,1,7.2,4.8
11,2020,2,8.3,7.1
11,2020,3,6.9,7.8
11,2020,4,2.0,1.6
11,2020,5,7.1,6.9
11,2020,6,3.6,3.6
11,2020,7,4.7,5.8
11,2020,8,12.1,5.0
11,2020,9,12.0,5.5
11,2020,10,10.5,10.5
11,2020,11,9.4,13.1
11,2020,12,7.6,11.0
11,2021,1,7.3,5.5
11,2021,2,7.0,7.7
11,2021,3,8.1,8.7
11,2021,4,9.1,16.5
11,2021,5,7.7,10.3
11,2021,6,7.3,8.9
11,2021,7,7.6,4.2
11,2021,8,8.5,2.2
11,2021,9,6.6,1.9
11,2021,10,8.1,7.0
11,2021,11,8.1,9.5
11,2021,12,7.7,6.4
11,2022,1,6.9,5.2
11,2022,2,9.4,10.8
11,2022,3,7.3,10.9
11,2022,4,9.2,17.4
11,2022,5,7.3,11.9
11,2022,6,9.2,9.7
11,2022,7,7.9,3.6
11,2022,8,9.1,2.4
11,2022,9,8.8,2.6
11,2022,10,6.9,5.3
11,2022,11,8.3,10.4
11,2022,12,6.8,5.6
11,2023,1,7.6,5.2
11,2023,2,7.1,7.7
11,2023,3,7.1,7.7
11,2023,4,10.3,17.6
11,2023,5,8.1,9.0
11,2023,6,8.1,7.0
11,2023,7,8.3,4.1
11,2023,8,7.8,2.3
11,2023,9,6.5,3.2
11,2023,10,8.0,9.9
11,2023,11,9.9,8.0
11,2023,12,7.0,10.7
11,2024,1,8.7,8.7
11,2024,2,7.1,4.3
11,2024,3,6.2,6.8
11,2024,4,7.1,10.9
11,2024,5,6.2,9.7
11,2024,6,7.7,6.9
11,2024,7,8.6,6.4
11,2024,8,8.4,6.2
11,2024,9,6.5,7.4
11,2024,10,7.7,6.9
11,2024,11,7.2,6.5
11,2024,12,7.0,7.9
11,2025,1,7.1,4.8
11,2025,2,7.7,6.4
11,2025,3,6.3,8.7
11,2025,4,8.3,10.9
11,2025,5,7.7,8.1
11,2025,6,8.4,6.8
11,2025,7,9.0,7.2
11,2025,8,7.3,5.9
11,2025,9,5.9,7.1
11,2025,10,7.1,8.4
11,2025,11,6.8,7.3
11,2025,12,7.2,9.5
11,2026,1,7.6,5.2
11,2026,2,7.4,6.4
11,2026,3,6.3,8.7
11,2026,4,6.95,6.19
11,2026,5,7.7,8.1
11,2026,6,10.1,20.2
11,2026,7,8.3,4.1
12,2019,1,9.037733685055626,10.6
12,2019,2,11.9,26.9
12,2019,3,7.8,11.9
12,2019,4,7.7,11.2
12,2019,5,8.2,17.7
12,2019,6,7.5,18.9
12,2019,7,6.7,1.8
12,2019,8,7.1,0.4
12,2019,9,8.2,1.4
12,2019,10,8.0,0.5
12,2019,11,8.3,2.0
12,2019,12,7.5,2.1
12,2020,1,7.3,7.5
12,2020,2,7.3,9.2
12,2020,3,6.3,7.5
12,2020,4,0.0,0.0
12,2020,5,10.3,22.9
12,2020,6,7.7,25.9
12,2020,7,4.7,5.0
12,2020,8,11.9,1.4
12,2020,9,9.9,0.7
12,2020,10,9.4,3.5
12,2020,11,9.4,6.5
12,2020,12,10.8,5.4
12,2021,1,6.8,6.6
12,2021,2,6.9,7.7
12,2021,3,8.3,10.5
12,2021,4,7.5,16.4
12,2021,5,8.0,14.4
12,2021,6,9.1,18.8
12,2021,7,7.4,3.6
12,2021,8,8.4,0.8
12,2021,9,8.6,0.6
12,2021,10,8.2,2.6
12,2021,11,7.3,3.6
12,2021,12,12.3,7.9
12,2022,1,8.9,6.3
12,2022,2,8.1,10.3
12,2022,3,7.7,11.7
12,2022,4,8.8,20.8
12,2022,5,8.9,15.4
12,2022,6,10.1,20.2
12,2022,7,8.9,2.4
12,2022,8,10.1,0.4
12,2022,9,9.2,0.1
12,2022,10,7.5,1.6
12,2022,11,10.4,5.1
12,2022,12,8.8,4.5
12,2023,1,8.0,8.7
12,2023,2,7.9,10.4
12,2023,3,7.9,10.4
12,2023,4,7.7,23.7
12,2023,5,7.4,14.3
12,2023,6,8.8,15.4
12,2023,7,7.7,3.0
12,2023,8,8.0,0.6
12,2023,9,9.5,1.8
12,2023,10,11.8,3.6
12,2023,11,10.2,5.2
12,2023,12,6.7,2.4
12,2024,1,6.4,6.2
12,2024,2,8.3,7.1
12,2024,3,6.0,7.6
12,2024,4,5.3,13.2
12,2024,5,6.7,8.9
12,2024,6,7.7,8.1
12,2024,7,6.7,6.3
12,2024,8,7.5,7.4
12,2024,9,9.3,5.5
12,2024,10,8.5,5.9
12,2024,11,8.0,5.5
12,2024,12,9.5,6.6
12,2025,1,7.4,5.4
12,2025,2,7.3,5.5
12,2025,3,7.3,7.6
12,2025,4,7.4,10.7
12,2025,5,8.0,8.3
12,2025,6,8.6,2.6
12,2025,7,8.3,8.0
12,2025,8,7.6,7.7
12,2025,9,7.8,7.4
12,2025,10,7.2,7.2
12,2025,11,7.5,6.0
12,2025,12,9.0,9.7
12,2026,1,8.0,8.7
12,2026,2,7.3,5.5
12,2026,3,7.3,7.6
12,2026,4,5.36,5.94
12,2026,5,8.0,8.2
12,2026,6,8.3,8.7
12,2026,7,7.7,4.1
13,2019,1,10.96871677206335,10.8
13,2019,2,9.6,10.3
13,2019,3,6.7,5.1
13,2019,4,9.9,10.0
13,2019,5,9.0,14.3
13,2019,6,6.9,12.7
13,2019,7,8.1,5.4
13,2019,8,8.4,0.7
13,2019,9,7.8,12.3
13,2019,10,8.1,1.9
13,2019,11,7.8,9.2
13,2019,12,7.3,10.3
13,2020,1,8.5,7.8
13,2020,2,8.1,8.2
13,2020,3,0.7,1.0
13,2020,4,0.0,0.0
13,2020,5,0.1,0.0
13,2020,6,0.0,0.0
13,2020,7,0.1,0.1
13,2020,8,14.8,0.8
13,2020,9,14.9,1.0
13,2020,10,11.0,17.7
13,2020,11,10.8,17.0
13,2020,12,13.3,23.7
13,2021,1,6.9,6.6
13,2021,2,6.4,6.3
13,2021,3,7.6,8.1
13,2021,4,8.3,11.2
13,2021,5,8.3,12.7
13,2021,6,9.1,10.6
13,2021,7,5.6,2.4
13,2021,8,6.1,0.6
13,2021,9,8.3,1.1
13,2021,10,7.6,4.1
13,2021,11,8.4,6.3
13,2021,12,11.9,18.9
13,2022,1,7.4,8.1
13,2022,2,12.1,9.0
13,2022,3,6.4,7.3
13,2022,4,8.9,14.8
13,2022,5,7.7,8.9
13,2022,6,8.3,8.7
13,2022,7,8.4,1.9
13,2022,8,11.0,1.0
13,2022,9,9.8,2.2
13,2022,10,7.9,7.3
13,2022,11,9.0,13.1
13,2022,12,9.8,14.4
13,2023,1,8.0,8.2
13,2023,2,8.7,8.7
13,2023,3,8.7,8.7
13,2023,4,8.5,10.9
13,2023,5,7.7,9.7
13,2023,6,8.5,8.2
13,2023,7,9.6,4.3
13,2023,8,9.1,1.6
13,2023,9,8.9,11.9
13,2023,10,8.5,15.1
13,2023,11,10.0,8.2
13,2023,12,7.7,6.7
13,2024,1,9.0,8.1
13,2024,2,7.3,8.6
13,2024,3,4.7,5.0
13,2024,4,8.2,10.9
13,2024,5,6.3,6.2
13,2024,6,9.1,7.1
13,2024,7,8.2,7.9
13,2024,8,6.5,5.6
13,2024,9,6.7,6.7
13,2024,10,5.9,6.7
13,2024,11,7.4,7.4
13,2024,12,7.1,7.1
13,2025,1,6.4,5.3
13,2025,2,5.8,5.8
13,2025,3,6.6,5.3
13,2025,4,6.8,9.3
13,2025,5,6.4,6.6
13,2025,6,7.4,0.5
13,2025,7,7.5,6.6
13,2025,8,6.6,6.1
13,2025,9,7.3,8.3
13,2025,10,6.0,7.0
13,2025,11,5.2,5.5
13,2025,12,7.4,7.1
13,2026,1,8.0,8.2
13,2026,2,5.8,5.8
13,2026,3,6.6,5.3
13,2026,4,6.32,5.87
13,2026,5,6.4,6.6
13,2026,6,9.7,11.6
13,2026,7,8.2,4.2
14,2019,1,9.575584167858846,10.2
14,2019,2,10.4,10.2
14,2019,3,8.1,7.2
14,2019,4,9.1,8.6
14,2019,5,7.7,8.3
14,2019,6,8.6,10.1
14,2019,7,8.9,6.8
14,2019,8,8.1,2.7
14,2019,9,7.5,7.1
14,2019,10,7.9,6.2
14,2019,11,7.3,8.1
14,2019,12,3.9,8.9
14,2020,1,7.4,8.1
14,2020,2,7.3,7.6
14,2020,3,5.7,5.9
14,2020,4,0.0,0.0
14,2020,5,7.8,8.9
14,2020,6,7.9,9.8
14,2020,7,3.6,3.1
14,2020,8,9.2,4.0
14,2020,9,9.2,3.9
14,2020,10,9.3,8.3
14,2020,11,8.3,9.1
14,2020,12,8.9,10.1
14,2021,1,5.7,8.1
14,2021,2,6.7,7.6
14,2021,3,8.2,8.2
14,2021,4,7.7,9.1
14,2021,5,7.2,9.6
14,2021,6,8.5,11.2
14,2021,7,7.7,5.1
14,2021,8,7.8,2.4
14,2021,9,6.9,2.9
14,2021,10,7.3,5.9
14,2021,11,7.4,6.8
14,2021,12,8.9,9.1
14,2022,1,7.4,8.3
14,2022,2,9.6,10.8
14,2022,3,7.8,7.3
14,2022,4,8.4,11.8
14,2022,5,8.3,9.6
14,2022,6,9.7,11.6
14,2022,7,7.4,6.0
14,2022,8,8.8,3.3
14,2022,9,8.6,4.3
14,2022,10,7.6,6.1
14,2022,11,7.5,8.3
14,2022,12,3.4,6.0
14,2023,1,8.1,8.7
14,2023,2,8.9,11.1
14,2023,3,8.9,11.1
14,2023,4,9.7,9.8
14,2023,5,8.5,7.6
14,2023,6,7.8,8.9
14,2023,7,8.8,5.2
14,2023,8,8.8,3.9
14,2023,9,7.6,5.6
14,2023,10,8.2,7.5
14,2023,11,7.4,9.8
14,2023,12,3.5,6.8
14,2024,1,8.0,9.1
14,2024,2,7.1,6.6
14,2024,3,6.0,6.7
14,2024,4,5.4,8.3
14,2024,5,5.1,6.5
14,2024,6,6.7,8.2
14,2024,7,7.4,7.8
14,2024,8,23.2,17.9
14,2024,9,6.3,7.6
14,2024,10,7.0,6.0
14,2024,11,7.1,7.6
14,2024,12,5.3,6.2
14,2025,1,5.8,6.2
14,2025,2,6.7,8.1
14,2025,3,5.9,5.6
14,2025,4,8.6,8.9
14,2025,5,7.5,6.7
14,2025,6,8.3,7.0
14,2025,7,7.7,7.9
14,2025,8,7.8,8.2
14,2025,9,9.2,8.5
14,2025,10,7.1,6.7
14,2025,11,5.8,5.3
14,2025,12,5.6,5.5
14,2026,1,8.1,8.7
14,2026,2,6.7,8.1
14,2026,3,5.9,5.6
14,2026,4,7.29,6.76
14,2026,5,7.5,6.7
14,2026,6,9.2,10.6
14,2026,7,8.4,5.2
15,2019,1,2.5916944528645045,1.7
15,2019,2,21.8,14.7
15,2019,3,6.0,2.2
15,2019,4,16.8,31.7
15,2019,5,9.4,21.5
15,2019,6,10.3,15.4
15,2019,7,8.4,3.4
15,2019,8,8.0,2.0
15,2019,9,8.5,5.4
15,2019,10,10.1,7.3
15,2019,11,7.8,5.2
15,2019,12,7.1,4.8
15,2020,1,7.8,5.0
15,2020,2,7.2,5.8
15,2020,3,7.2,6.5
15,2020,4,2.4,2.4
15,2020,5,10.0,18.1
15,2020,6,11.2,12.4
15,2020,7,3.9,1.7
15,2020,8,8.8,3.0
15,2020,9,11.7,4.0
15,2020,10,10.3,15.0
15,2020,11,10.3,13.3
15,2020,12,7.3,7.0
15,2021,1,7.3,6.1
15,2021,2,7.1,6.9
15,2021,3,7.7,7.6
15,2021,4,8.8,17.3
15,2021,5,8.1,9.9
15,2021,6,7.3,11.3
15,2021,7,6.2,3.2
15,2021,8,8.0,2.7
15,2021,9,7.1,1.3
15,2021,10,7.7,11.4
15,2021,11,7.5,11.0
15,2021,12,8.5,7.6
15,2022,1,6.2,5.2
15,2022,2,8.5,8.9
15,2022,3,8.5,8.3
15,2022,4,10.0,23.0
15,2022,5,7.4,10.9
15,2022,6,9.2,10.6
15,2022,7,9.6,2.6
15,2022,8,9.1,2.9
15,2022,9,9.5,2.6
15,2022,10,8.7,13.5
15,2022,11,8.9,9.8
15,2022,12,5.9,7.9
15,2023,1,7.8,7.5
15,2023,2,9.5,9.5
15,2023,3,9.5,9.5
15,2023,4,9.5,17.1
15,2023,5,8.2,11.6
15,2023,6,7.2,7.8
15,2023,7,8.9,3.1
15,2023,8,7.7,2.2
15,2023,9,7.3,4.9
15,2023,10,8.6,10.0
15,2023,11,9.8,12.2
15,2023,12,7.8,8.2
15,2024,1,8.2,7.1
15,2024,2,7.6,7.4
15,2024,3,7.0,7.7
15,2024,4,8.3,13.4
15,2024,5,7.0,10.3
15,2024,6,8.1,8.8
15,2024,7,8.4,6.1
15,2024,8,9.9,7.7
15,2024,9,7.8,7.7
15,2024,10,7.3,8.5
15,2024,11,8.3,7.7
15,2024,12,7.9,7.3
15,2025,1,6.8,6.1
15,2025,2,7.7,7.6
15,2025,3,7.8,6.5
15,2025,4,8.7,11.0
15,2025,5,8.7,8.0
15,2025,6,9.4,7.0
15,2025,7,8.0,5.6
15,2025,8,8.4,8.6
15,2025,9,8.4,9.9
15,2025,10,7.4,9.0
15,2025,11,7.0,9.3
15,2025,12,6.5,7.8
15,2026,1,7.8,7.5
15,2026,2,7.6,7.6
15,2026,3,7.8,6.5
15,2026,4,6.93,5.91
15,2026,5,8.4,8.0
15,2026,6,8.6,11.1
15,2026,7,8.9,3.1
16,2019,1,8.604418089948636,8.0
16,2019,2,8.7,9.6
16,2019,3,7.6,8.3
16,2019,4,8.2,8.3
16,2019,5,8.9,11.5
16,2019,6,7.6,9.7
16,2019,7,6.8,1.7
16,2019,8,4.7,0.1
16,2019,9,8.7,17.1
16,2019,10,8.2,2.1
16,2019,11,8.9,9.1
16,2019,12,10.1,11.8
16,2020,1,7.6,6.6
16,2020,2,8.6,7.7
16,2020,3,5.4,6.2
16,2020,4,0.2,0.3
16,2020,5,10.2,10.1
16,2020,6,4.1,3.8
16,2020,7,1.9,0.8
16,2020,8,11.5,0.4
16,2020,9,11.2,0.3
16,2020,10,11.3,15.0
16,2020,11,12.3,23.4
16,2020,12,11.2,17.2
16,2021,1,8.2,5.6
16,2021,2,8.0,6.9
16,2021,3,7.9,8.3
16,2021,4,7.4,8.2
16,2021,5,7.7,8.8
16,2021,6,8.0,9.4
16,2021,7,7.4,2.7
16,2021,8,7.9,0.1
16,2021,9,8.6,0.1
16,2021,10,9.1,11.2
16,2021,11,9.3,18.0
16,2021,12,10.2,17.5
16,2022,1,8.8,7.1
16,2022,2,9.7,8.2
16,2022,3,8.4,9.1
16,2022,4,9.6,9.3
16,2022,5,7.8,10.6
16,2022,6,8.6,11.1
16,2022,7,8.4,3.3
16,2022,8,9.3,0.3
16,2022,9,8.9,0.2
16,2022,10,8.8,11.2
16,2022,11,8.8,16.9
16,2022,12,8.4,12.9
16,2023,1,7.9,7.0
16,2023,2,8.7,8.5
16,2023,3,8.7,8.5
16,2023,4,8.0,7.9
16,2023,5,5.2,6.0
16,2023,6,9.3,10.3
16,2023,7,8.5,6.3
16,2023,8,9.2,6.2
16,2023,9,8.2,12.8
16,2023,10,8.5,10.5
16,2023,11,9.0,11.3
16,2023,12,7.7,7.4
16,2024,1,7.4,7.5
16,2024,2,8.5,8.1
16,2024,3,8.7,8.2
16,2024,4,8.6,8.6
16,2024,5,7.9,7.9
16,2024,6,8.4,7.9
16,2024,7,8.8,9.1
16,2024,8,8.2,8.3
16,2024,9,8.4,8.2
16,2024,10,8.6,9.9
16,2024,11,7.7,8.9
16,2024,12,8.1,8.3
16,2025,1,8.1,6.0
16,2025,2,7.6,7.4
16,2025,3,7.8,9.1
16,2025,4,7.5,7.6
16,2025,5,8.2,8.6
16,2025,6,8.7,11.9
16,2025,7,7.8,7.9
16,2025,8,7.4,7.9
16,2025,9,7.9,8.8
16,2025,10,7.5,7.9
16,2025,11,7.9,7.8
16,2025,12,7.7,9.3
16,2026,1,7.9,7.0
16,2026,2,7.4,7.4
16,2026,3,7.8,9.1
16,2026,4,6.09,6.29
16,2026,5,8.2,8.4
16,2026,6,8.1,12.0
16,2026,7,8.5,6.3
17,2019,1,,
17,2019,2,,
17,2019,3,,
17,2019,4,,
17,2019,5,,
17,2019,6,,
17,2019,7,,
17,2019,8,,
17,2019,9,,
17,2019,10,,
17,2019,11,,
17,2019,12,,
17,2020,1,,
17,2020,2,,
17,2020,3,,
17,2020,4,,
17,2020,5,,
17,2020,6,,
17,2020,7,,
17,2020,8,,
17,2020,9,,
17,2020,10,,
17,2020,11,,
17,2020,12,,
17,2021,1,,
17,2021,2,,
17,2021,3,,
17,2021,4,,
17,2021,5,,
17,2021,6,,
17,2021,7,,
17,2021,8,,
17,2021,9,,
17,2021,10,,
17,2021,11,,
17,2021,12,,
17,2022,1,,
17,2022,2,,
17,2022,3,,
17,2022,4,,
17,2022,5,,
17,2022,6,,
17,2022,7,,
17,2022,8,,
17,2022,9,,
17,2022,10,,
17,2022,11,,
17,2022,12,,
17,2023,1,7.1,6.1
17,2023,2,6.3,6.0
17,2023,3,6.3,6.0
17,2023,4,9.2,15.0
17,2023,5,2.9,3.3
17,2023,6,5.6,7.2
17,2023,7,10.8,5.3
17,2023,8,10.5,2.8
17,2023,9,8.3,4.5
17,2023,10,14.8,9.8
17,2023,11,12.3,23.1
17,2023,12,2.4,5.4
17,2024,1,5.1,5.7
17,2024,2,7.0,6.4
17,2024,3,5.9,7.1
17,2024,4,7.8,14.8
17,2024,5,6.5,7.2
17,2024,6,5.5,6.6
17,2024,7,6.0,7.8
17,2024,8,9.0,6.0
17,2024,9,8.0,6.2
17,2024,10,6.4,4.9
17,2024,11,6.6,7.9
17,2024,12,5.4,3.6
17,2025,1,4.7,3.6
17,2025,2,5.5,4.1
17,2025,3,13.3,15.9
17,2025,4,8.8,9.6
17,2025,5,7.8,8.3
17,2025,6,8.1,12.0
17,2025,7,7.9,6.5
17,2025,8,8.1,6.9
17,2025,9,6.3,5.7
17,2025,10,7.6,7.0
17,2025,11,8.7,8.7
17,2025,12,9.7,10.3
17,2026,1,7.1,6.1
17,2026,2,5.5,4.1
17,2026,3,13.3,15.9
17,2026,4,5.71,6.21
17,2026,5,7.8,8.2
17,2026,6,9.0,12.3
17,2026,7,8.8,5.3
18,2019,1,10.855241483824207,11.2
18,2019,2,10.1,9.5
18,2019,3,5.9,4.9
18,2019,4,9.6,9.2
18,2019,5,9.1,9.5
18,2019,6,7.9,11.1
18,2019,7,8.5,4.8
18,2019,8,7.7,2.8
18,2019,9,6.2,16.3
18,2019,10,7.5,4.3
18,2019,11,6.8,4.2
18,2019,12,5.8,4.7
18,2020,1,9.2,6.7
18,2020,2,8.6,8.0
18,2020,3,4.5,3.1
18,2020,4,0.8,0.6
18,2020,5,6.7,3.7
18,2020,6,7.2,13.1
18,2020,7,3.4,4.2
18,2020,8,8.2,4.0
18,2020,9,8.3,4.1
18,2020,10,9.7,6.6
18,2020,11,11.8,11.8
18,2020,12,8.9,10.7
18,2021,1,7.1,4.6
18,2021,2,7.8,6.5
18,2021,3,7.1,6.2
18,2021,4,7.7,8.7
18,2021,5,6.4,8.6
18,2021,6,7.4,10.4
18,2021,7,6.1,3.9
18,2021,8,6.8,1.8
18,2021,9,7.5,3.1
18,2021,10,8.5,10.7
18,2021,11,8.0,12.5
18,2021,12,8.3,12.9
18,2022,1,7.3,3.9
18,2022,2,13.5,9.4
18,2022,3,7.6,9.8
18,2022,4,8.4,12.6
18,2022,5,9.3,13.5
18,2022,6,9.0,12.3
18,2022,7,8.2,4.5
18,2022,8,6.6,3.2
18,2022,9,6.7,4.1
18,2022,10,7.8,4.8
18,2022,11,8.2,13.3
18,2022,12,7.8,9.6
18,2023,1,8.0,7.1
18,2023,2,8.5,8.5
18,2023,3,8.5,8.5
18,2023,4,11.2,16.5
18,2023,5,2.5,2.5
18,2023,6,11.0,10.1
18,2023,7,9.0,5.4
18,2023,8,8.1,3.4
18,2023,9,7.9,12.7
18,2023,10,8.8,8.9
18,2023,11,10.7,8.9
18,2023,12,5.9,5.8
18,2024,1,6.9,5.9
18,2024,2,6.8,5.9
18,2024,3,5.5,4.8
18,2024,4,5.9,8.2
18,2024,5,6.5,8.0
18,2024,6,7.6,7.9
18,2024,7,7.0,6.4
18,2024,8,7.0,7.5
18,2024,9,8.2,9.0
18,2024,10,7.3,7.5
18,2024,11,20.4,18.9
18,2024,12,9.4,10.7
18,2025,1,6.8,4.6
18,2025,2,7.0,6.0
18,2025,3,8.2,8.7
18,2025,4,8.2,9.4
18,2025,5,7.7,7.4
18,2025,6,8.5,1.2
18,2025,7,7.8,7.3
18,2025,8,8.5,9.0
18,2025,9,7.7,8.4
18,2025,10,8.8,8.4
18,2025,11,8.3,8.6
18,2025,12,8.1,9.6
18,2026,1,8.0,7.1
18,2026,2,7.2,6.0
18,2026,3,8.2,8.7
18,2026,4,6.32,5.62
18,2026,5,7.7,7.2
18,2026,6,9.2,12.3
18,2026,7,9.0,5.4
19,2019,1,8.878333942272562,8.8
19,2019,2,8.9,8.5
19,2019,3,7.2,6.0
19,2019,4,9.1,9.0
19,2019,5,7.8,10.3
19,2019,6,7.8,13.6
19,2019,7,8.3,4.9
19,2019,8,7.5,1.7
19,2019,9,7.0,14.5
19,2019,10,7.7,4.3
19,2019,11,7.6,4.6
19,2019,12,7.1,8.7
19,2020,1,6.9,5.7
19,2020,2,8.8,8.8
19,2020,3,4.6,4.1
19,2020,4,0.0,0.0
19,2020,5,9.2,10.5
19,2020,6,8.5,17.0
19,2020,7,4.1,4.1
19,2020,8,9.8,3.1
19,2020,9,10.8,4.2
19,2020,10,9.8,10.6
19,2020,11,9.5,13.8
19,2020,12,6.5,6.5
19,2021,1,7.0,5.4
19,2021,2,7.3,7.4
19,2021,3,7.4,7.7
19,2021,4,8.4,12.4
19,2021,5,7.3,11.6
19,2021,6,8.9,13.5
19,2021,7,8.0,5.2
19,2021,8,7.2,2.7
19,2021,9,9.0,2.7
19,2021,10,8.1,6.4
19,2021,11,7.3,7.1
19,2021,12,8.9,10.8
19,2022,1,7.5,3.8
19,2022,2,10.0,11.9
19,2022,3,8.7,11.8
19,2022,4,9.1,18.5
19,2022,5,8.4,11.9
19,2022,6,9.2,12.3
19,2022,7,8.5,4.2
19,2022,8,9.5,1.7
19,2022,9,8.3,2.5
19,2022,10,7.7,3.6
19,2022,11,6.0,9.1
19,2022,12,6.3,6.1
19,2023,1,8.0,7.6
19,2023,2,7.7,8.2
19,2023,3,7.7,8.2
19,2023,4,9.7,21.2
19,2023,5,8.4,11.3
19,2023,6,8.6,9.5
19,2023,7,9.3,3.3
19,2023,8,8.6,1.6
19,2023,9,8.8,5.0
19,2023,10,9.8,10.4
19,2023,11,6.7,13.3
19,2023,12,5.2,6.3
19,2024,1,7.8,7.7
19,2024,2,9.2,6.9
19,2024,3,7.7,7.0
19,2024,4,8.1,13.4
19,2024,5,6.6,7.6
19,2024,6,7.6,7.6
19,2024,7,7.6,6.3
19,2024,8,7.0,6.9
19,2024,9,6.3,5.3
19,2024,10,6.1,5.5
19,2024,11,6.6,6.8
19,2024,12,5.7,4.7
19,2025,1,6.3,5.8
19,2025,2,7.3,6.4
19,2025,3,6.8,8.1
19,2025,4,9.2,12.7
19,2025,5,7.2,7.8
19,2025,6,7.5,2.0
19,2025,7,8.4,6.5
19,2025,8,6.8,7.4
19,2025,9,7.4,5.7
19,2025,10,7.6,7.5
19,2025,11,7.4,6.0
19,2025,12,7.5,7.0
19,2026,1,8.0,7.6
19,2026,2,7.2,6.1
19,2026,3,6.8,8.1
19,2026,4,5.14,5.99
19,2026,5,7.2,7.6
19,2026,6,8.6,8.1
19,2026,7,8.3,3.3
20,2019,1,8.562630768623427,8.6
20,2019,2,8.8,8.9
20,2019,3,8.1,8.2
20,2019,4,7.0,7.0
20,2019,5,8.7,7.8
20,2019,6,8.2,8.5
20,2019,7,8.4,3.5
20,2019,8,8.2,0.4
20,2019,9,7.9,20.7
20,2019,10,4.4,7.1
20,2019,11,2.7,0.4
20,2019,12,13.4,13.9
20,2020,1,9.1,8.3
20,2020,2,8.8,10.5
20,2020,3,6.3,4.0
20,2020,4,0.0,0.0
20,2020,5,6.3,4.2
20,2020,6,6.4,7.7
20,2020,7,1.8,0.6
20,2020,8,9.1,0.7
20,2020,9,11.0,0.7
20,2020,10,8.9,6.7
20,2020,11,12.2,19.2
20,2020,12,17.7,27.4
20,2021,1,8.1,6.8
20,2021,2,7.9,7.4
20,2021,3,7.4,7.6
20,2021,4,7.8,7.9
20,2021,5,7.7,8.0
20,2021,6,8.3,8.0
20,2021,7,7.2,3.3
20,2021,8,7.3,0.5
20,2021,9,8.5,1.0
20,2021,10,8.6,7.0
20,2021,11,10.6,16.0
20,2021,12,10.8,21.7
20,2022,1,4.2,2.9
20,2022,2,1.1,0.9
20,2022,3,12.4,13.6
20,2022,4,14.9,16.6
20,2022,5,10.5,11.2
20,2022,6,10.8,10.1
20,2022,7,7.9,3.6
20,2022,8,9.2,0.8
20,2022,9,9.3,0.9
20,2022,10,8.9,11.7
20,2022,11,8.9,17.7
20,2022,12,8.4,8.4
20,2023,1,7.7,7.0
20,2023,2,9.7,9.0
20,2023,3,9.7,9.0
20,2023,4,9.4,9.2
20,2023,5,8.9,9.0
20,2023,6,9.0,7.9
20,2023,7,8.9,2.6
20,2023,8,9.4,4.2
20,2023,9,9.0,19.9
20,2023,10,6.3,8.9
20,2023,11,7.0,9.4
20,2023,12,5.9,7.2
20,2024,1,5.7,5.0
20,2024,2,8.0,8.0
20,2024,3,7.9,7.4
20,2024,4,8.4,9.3
20,2024,5,8.4,9.2
20,2024,6,11.5,11.6
20,2024,7,10.0,9.3
20,2024,8,8.8,7.8
20,2024,9,8.5,9.2
20,2024,10,8.3,8.4
20,2024,11,8.6,7.9
20,2024,12,7.7,9.4
20,2025,1,7.9,7.4
20,2025,2,7.8,7.9
20,2025,3,8.6,9.1
20,2025,4,8.1,8.2
20,2025,5,8.1,8.4
20,2025,6,7.7,3.7
20,2025,7,8.3,9.0
20,2025,8,7.2,7.3
20,2025,9,7.5,8.1
20,2025,10,7.6,8.8
20,2025,11,7.9,8.3
20,2025,12,8.0,8.8
20,2026,1,7.1,7.2
20,2026,2,7.0,7.2
20,2026,3,8.6,9.1
20,2026,4,6.62,6.11
20,2026,5,8.0,8.2
20,2026,6,7.7,6.7
20,2026,7,8.4,2.6
