region,year,month,total_as_received,total_corrected,cases_0_14,cases_15_17,cases_18_plus
1,2019,1,,,,,
1,2019,2,,,,,
1,2019,3,,,,,
1,2019,4,,,,,
1,2019,5,,,,,
1,2019,6,,,,,
1,2019,7,,,,,
1,2019,8,,,,,
1,2019,9,,,,,
1,2019,10,,,,,
1,2019,11,,,,,
1,2019,12,,,,,
1,2020,1,,,,,
1,2020,2,,,,,
1,2020,3,,,,,
1,2020,4,,,,,
1,2020,5,,,,,
1,2020,6,,,,,
1,2020,7,,,,,
1,2020,8,,,,,
1,2020,9,,,,,
1,2020,10,,,,,
1,2020,11,,,,,
1,2020,12,,,,,
1,2021,1,,,,,
1,2021,2,,,,,
1,2021,3,,,,,
1,2021,4,,,,,
1,2021,5,,,,,
1,2021,6,,,,,
1,2021,7,,,,,
1,2021,8,,,,,
1,2021,9,,,,,
1,2021,10,,,,,
1,2021,11,,,,,
1,2021,12,,,,,
1,2022,1,,,,,
1,2022,2,,,,,
1,2022,3,,,,,
1,2022,4,,,,,
1,2022,5,,,,,
1,2022,6,,,,,
1,2022,7,,,,,
1,2022,8,,,,,
1,2022,9,,,,,
1,2022,10,,,,,
1,2022,11,,,,,
1,2022,12,,,,,
1,2023,1,0.0,0.0,0.0,0.0,0.0
1,2023,2,0.0,0.0,0.0,0.0,0.0
1,2023,3,0.0,0.0,0.0,0.0,0.0
1,2023,4,0.0,0.0,0.0,0.0,0.0
1,2023,5,1.0,1.0,1.0,0.0,0.0
1,2023,6,7.0,7.0,6.0,0.0,1.0
1,2023,7,10.0,10.0,6.0,0.0,4.0
1,2023,8,11.0,11.0,11.0,0.0,0.0
1,2023,9,16.0,16.0,7.0,1.0,8.0
1,2023,10,27.0,27.0,24.0,0.0,3.0
1,2023,11,45.0,45.0,32.0,1.0,12.0
1,2023,12,100.0,100.0,46.0,7.0,47.0
1,2024,1,742.0,151.0,70.0,14.0,67.0
1,2024,2,162.0,162.0,78.0,14.0,70.0
1,2024,3,162.0,162.0,76.0,7.0,79.0
1,2024,4,128.0,128.0,71.0,9.0,48.0
1,2024,5,107.0,107.0,51.0,7.0,49.0
1,2024,6,28.0,28.0,10.0,0.0,18.0
1,2024,7,4.0,4.0,1.0,0.0,3.0
1,2024,8,0.0,0.0,0.0,0.0,0.0
1,2024,9,0.0,0.0,0.0,0.0,0.0
1,2024,10,0.0,0.0,0.0,0.0,0.0
1,2024,11,0.0,0.0,0.0,0.0,0.0
1,2024,12,0.0,0.0,0.0,0.0,0.0
1,2025,1,5.0,5.0,1.0,0.0,4.0
1,2025,2,4.0,4.0,3.0,0.0,1.0
1,2025,3,2.0,2.0,2.0,0.0,0.0
1,2025,4,4.0,4.0,3.0,0.0,1.0
1,2025,5,3.0,3.0,2.0,0.0,1.0
1,2025,6,7.0,7.0,7.0,0.0,0.0
1,2025,7,6.0,6.0,6.0,0.0,0.0
1,2025,8,0.0,0.0,0.0,0.0,0.0
1,2025,9,0.0,0.0,0.0,0.0,0.0
1,2025,10,2.0,2.0,1.0,0.0,1.0
1,2025,11,1.0,1.0,1.0,0.0,0.0
1,2025,12,5.0,5.0,5.0,0.0,0.0
1,2026,1,19.0,19.0,16.0,0.0,3.0
1,2026,2,20.0,20.0,8.0,0.0,12.0
1,2026,3,21.0,21.0,4.0,0.0,17.0
1,2026,4,15.0,15.0,13.0,0.0,2.0
1,2026,5,11.0,11.0,11.0,0.0,0.0
1,2026,6,2.0,2.0,2.0,0.0,0.0
1,2026,7,1.0,1.0,1.0,0.0,0.0
2,2019,1,64.0,64.0,33.0,0.0,31.0
2,2019,2,71.0,71.0,39.0,1.0,31.0
2,2019,3,60.0,60.0,27.0,0.0,33.0
2,2019,4,28.0,28.0,17.0,0.0,11.0
2,2019,5,30.0,30.0,17.0,0.0,13.0
2,2019,6,15.0,15.0,11.0,0.0,4.0
2,2019,7,4.0,4.0,4.0,0.0,0.0
2,2019,8,5.0,5.0,5.0,0.0,0.0
2,2019,9,0.0,0.0,0.0,0.0,0.0
2,2019,10,0.0,0.0,0.0,0.0,0.0
2,2019,11,0.0,0.0,0.0,0.0,0.0
2,2019,12,5.0,5.0,5.0,0.0,0.0
2,2020,1,2.0,2.0,1.0,0.0,1.0
2,2020,2,36.0,36.0,29.0,0.0,7.0
2,2020,3,12.0,12.0,7.0,0.0,5.0
2,2020,4,9.0,9.0,6.0,0.0,3.0
2,2020,5,0.0,0.0,0.0,0.0,0.0
2,2020,6,0.0,0.0,0.0,0.0,0.0
2,2020,7,0.0,0.0,0.0,0.0,0.0
2,2020,8,0.0,0.0,0.0,0.0,0.0
2,2020,9,0.0,0.0,0.0,0.0,0.0
2,2020,10,0.0,0.0,0.0,0.0,0.0
2,2020,11,0.0,0.0,0.0,0.0,0.0
2,2020,12,0.0,0.0,0.0,0.0,0.0
2,2021,1,0.0,0.0,0.0,0.0,0.0
2,2021,2,0.0,0.0,0.0,0.0,0.0
2,2021,3,0.0,0.0,0.0,0.0,0.0
2,2021,4,0.0,0.0,0.0,0.0,0.0
2,2021,5,0.0,0.0,0.0,0.0,0.0
2,2021,6,0.0,0.0,0.0,0.0,0.0
2,2021,7,0.0,0.0,0.0,0.0,0.0
2,2021,8,0.0,0.0,0.0,0.0,0.0
2,2021,9,0.0,0.0,0.0,0.0,0.0
2,2021,10,0.0,0.0,0.0,0.0,0.0
2,2021,11,0.0,0.0,0.0,0.0,0.0
2,2021,12,0.0,0.0,0.0,0.0,0.0
2,2022,1,0.0,0.0,0.0,0.0,0.0
2,2022,2,0.0,0.0,0.0,0.0,0.0
2,2022,3,0.0,0.0,0.0,0.0,0.0
2,2022,4,0.0,0.0,0.0,0.0,0.0
2,2022,5,0.0,0.0,0.0,0.0,0.0
2,2022,6,0.0,0.0,0.0,0.0,0.0
2,2022,7,0.0,0.0,0.0,0.0,0.0
2,2022,8,0.0,0.0,0.0,0.0,0.0
2,2022,9,0.0,0.0,0.0,0.0,0.0
2,2022,10,0.0,0.0,0.0,0.0,0.0
2,2022,11,0.0,0.0,0.0,0.0,0.0
2,2022,12,0.0,0.0,0.0,0.0,0.0
2,2023,1,0.0,0.0,0.0,0.0,0.0
2,2023,2,0.0,0.0,0.0,0.0,0.0
2,2023,3,0.0,0.0,0.0,0.0,0.0
2,2023,4,2.0,2.0,1.0,0.0,1.0
2,2023,5,5.0,5.0,4.0,0.0,1.0
2,2023,6,11.0,11.0,11.0,0.0,0.0
2,2023,7,7.0,7.0,6.0,0.0,1.0
2,2023,8,3.0,3.0,3.0,0.0,0.0
2,2023,9,1.0,1.0,1.0,0.0,0.0
2,2023,10,26.0,26.0,17.0,5.0,4.0
2,2023,11,91.0,91.0,73.0,5.0,13.0
2,2023,12,229.0,229.0,177.0,2.0,50.0
2,2024,1,877.0,229.0,149.0,19.0,61.0
2,2024,2,178.0,178.0,113.0,14.0,51.0
2,2024,3,191.0,191.0,105.0,17.0,69.0
2,2024,4,184.0,184.0,120.0,5.0,59.0
2,2024,5,69.0,69.0,42.0,3.0,24.0
2,2024,6,16.0,16.0,11.0,0.0,5.0
2,2024,7,4.0,4.0,1.0,0.0,3.0
2,2024,8,3.0,3.0,2.0,0.0,1.0
2,2024,9,0.0,0.0,0.0,0.0,0.0
2,2024,10,0.0,0.0,0.0,0.0,0.0
2,2024,11,0.0,0.0,0.0,0.0,0.0
2,2024,12,3.0,3.0,3.0,0.0,0.0
2,2025,1,36.0,36.0,32.0,1.0,3.0
2,2025,2,56.0,56.0,41.0,3.0,12.0
2,2025,3,51.0,51.0,41.0,1.0,9.0
2,2025,4,44.0,44.0,32.0,1.0,11.0
2,2025,5,28.0,28.0,20.0,0.0,8.0
2,2025,6,10.0,10.0,7.0,2.0,1.0
2,2025,7,0.0,0.0,0.0,0.0,0.0
2,2025,8,0.0,0.0,0.0,0.0,0.0
2,2025,9,0.0,0.0,0.0,0.0,0.0
2,2025,10,0.0,0.0,0.0,0.0,0.0
2,2025,11,0.0,0.0,0.0,0.0,0.0
2,2025,12,1.0,1.0,1.0,0.0,0.0
2,2026,1,35.0,35.0,6.0,27.0,2.0
2,2026,2,39.0,39.0,6.0,16.0,17.0
2,2026,3,38.0,38.0,5.0,3.0,30.0
2,2026,4,32.0,32.0,10.0,1.0,21.0
2,2026,5,14.0,14.0,3.0,2.0,9.0
2,2026,6,22.0,22.0,2.0,0.0,20.0
2,2026,7,1.0,1.0,1.0,0.0,0.0
3,2019,1,17.0,17.0,15.0,0.0,2.0
3,2019,2,25.0,25.0,12.0,1.0,12.0
3,2019,3,9.0,9.0,5.0,0.0,4.0
3,2019,4,5.0,5.0,4.0,0.0,1.0
3,2019,5,7.0,7.0,4.0,0.0,3.0
3,2019,6,20.0,20.0,14.0,0.0,6.0
3,2019,7,21.0,21.0,21.0,0.0,0.0
3,2019,8,33.0,33.0,23.0,0.0,10.0
3,2019,9,25.0,25.0,17.0,0.0,8.0
3,2019,10,36.0,36.0,23.0,0.0,13.0
3,2019,11,23.0,23.0,9.0,0.0,14.0
3,2019,12,61.0,61.0,34.0,2.0,25.0
3,2020,1,61.0,61.0,40.0,2.0,19.0
3,2020,2,41.0,41.0,24.0,2.0,15.0
3,2020,3,17.0,17.0,13.0,1.0,3.0
3,2020,4,8.0,8.0,6.0,1.0,1.0
3,2020,5,2.0,2.0,2.0,0.0,0.0
3,2020,6,0.0,0.0,0.0,0.0,0.0
3,2020,7,0.0,0.0,0.0,0.0,0.0
3,2020,8,0.0,0.0,0.0,0.0,0.0
3,2020,9,0.0,0.0,0.0,0.0,0.0
3,2020,10,0.0,0.0,0.0,0.0,0.0
3,2020,11,0.0,0.0,0.0,0.0,0.0
3,2020,12,0.0,0.0,0.0,0.0,0.0
3,2021,1,0.0,0.0,0.0,0.0,0.0
3,2021,2,0.0,0.0,0.0,0.0,0.0
3,2021,3,0.0,0.0,0.0,0.0,0.0
3,2021,4,0.0,0.0,0.0,0.0,0.0
3,2021,5,0.0,0.0,0.0,0.0,0.0
3,2021,6,0.0,0.0,0.0,0.0,0.0
3,2021,7,0.0,0.0,0.0,0.0,0.0
3,2021,8,0.0,0.0,0.0,0.0,0.0
3,2021,9,0.0,0.0,0.0,0.0,0.0
3,2021,10,0.0,0.0,0.0,0.0,0.0
3,2021,11,0.0,0.0,0.0,0.0,0.0
3,2021,12,0.0,0.0,0.0,0.0,0.0
3,2022,1,0.0,0.0,0.0,0.0,0.0
3,2022,2,0.0,0.0,0.0,0.0,0.0
3,2022,3,0.0,0.0,0.0,0.0,0.0
3,2022,4,0.0,0.0,0.0,0.0,0.0
3,2022,5,0.0,0.0,0.0,0.0,0.0
3,2022,6,0.0,0.0,0.0,0.0,0.0
3,2022,7,0.0,0.0,0.0,0.0,0.0
3,2022,8,0.0,0.0,0.0,0.0,0.0
3,2022,9,0.0,0.0,0.0,0.0,0.0
3,2022,10,0.0,0.0,0.0,0.0,0.0
3,2022,11,0.0,0.0,0.0,0.0,0.0
3,2022,12,0.0,0.0,0.0,0.0,0.0
3,2023,1,0.0,0.0,0.0,0.0,0.0
3,2023,2,1.0,1.0,1.0,0.0,0.0
3,2023,3,3.0,3.0,3.0,0.0,0.0
3,2023,4,0.0,0.0,0.0,0.0,0.0
3,2023,5,1.0,1.0,1.0,0.0,0.0
3,2023,6,24.0,24.0,22.0,0.0,2.0
3,2023,7,51.0,51.0,42.0,0.0,9.0
3,2023,8,97.0,97.0,76.0,2.0,19.0
3,2023,9,182.0,182.0,158.0,2.0,22.0
3,2023,10,509.0,509.0,476.0,17.0,16.0
3,2023,11,575.0,575.0,450.0,28.0,97.0
3,2023,12,736.0,736.0,496.0,34.0,206.0
3,2024,1,3772.0,2050.0,1529.0,122.0,399.0
3,2024,2,879.0,879.0,714.0,54.0,111.0
3,2024,3,430.0,430.0,364.0,1.0,65.0
3,2024,4,208.0,208.0,149.0,6.0,53.0
3,2024,5,72.0,72.0,62.0,7.0,3.0
3,2024,6,46.0,46.0,36.0,0.0,10.0
3,2024,7,26.0,26.0,21.0,0.0,5.0
3,2024,8,21.0,21.0,15.0,1.0,5.0
3,2024,9,31.0,31.0,28.0,0.0,3.0
3,2024,10,5.0,5.0,4.0,0.0,1.0
3,2024,11,4.0,4.0,4.0,0.0,0.0
3,2024,12,0.0,0.0,0.0,0.0,0.0
3,2025,1,2.0,2.0,2.0,0.0,0.0
3,2025,2,0.0,0.0,0.0,0.0,0.0
3,2025,3,0.0,0.0,0.0,0.0,0.0
3,2025,4,0.0,0.0,0.0,0.0,0.0
3,2025,5,1.0,1.0,1.0,0.0,0.0
3,2025,6,3.0,3.0,3.0,0.0,0.0
3,2025,7,0.0,0.0,0.0,0.0,0.0
3,2025,8,0.0,0.0,0.0,0.0,0.0
3,2025,9,0.0,0.0,0.0,0.0,0.0
3,2025,10,0.0,0.0,0.0,0.0,0.0
3,2025,11,8.0,8.0,8.0,0.0,0.0
3,2025,12,18.0,18.0,16.0,0.0,2.0
3,2026,1,102.0,102.0,93.0,1.0,8.0
3,2026,2,77.0,77.0,65.0,0.0,12.0
3,2026,3,57.0,57.0,51.0,0.0,6.0
3,2026,4,78.0,78.0,68.0,3.0,7.0
3,2026,5,21.0,21.0,19.0,0.0,2.0
3,2026,6,38.0,38.0,36.0,0.0,2.0
3,2026,7,36.0,36.0,32.0,0.0,4.0
4,2019,1,15.0,15.0,13.0,0.0,2.0
4,2019,2,42.0,42.0,31.0,0.0,11.0
4,2019,3,67.0,67.0,54.0,0.0,13.0
4,2019,4,60.0,60.0,41.0,1.0,18.0
4,2019,5,69.0,69.0,47.0,1.0,21.0
4,2019,6,169.0,169.0,120.0,2.0,47.0
4,2019,7,39.0,39.0,22.0,2.0,15.0
4,2019,8,8.0,8.0,7.0,0.0,1.0
4,2019,9,8.0,8.0,7.0,0.0,1.0
4,2019,10,25.0,25.0,24.0,0.0,1.0
4,2019,11,45.0,45.0,35.0,1.0,9.0
4,2019,12,54.0,54.0,42.0,1.0,11.0
4,2020,1,94.0,94.0,63.0,1.0,30.0
4,2020,2,54.0,54.0,37.0,1.0,16.0
4,2020,3,56.0,56.0,40.0,1.0,15.0
4,2020,4,37.0,37.0,25.0,0.0,12.0
4,2020,5,4.0,4.0,0.0,0.0,4.0
4,2020,6,0.0,0.0,0.0,0.0,0.0
4,2020,7,0.0,0.0,0.0,0.0,0.0
4,2020,8,0.0,0.0,0.0,0.0,0.0
4,2020,9,0.0,0.0,0.0,0.0,0.0
4,2020,10,0.0,0.0,0.0,0.0,0.0
4,2020,11,0.0,0.0,0.0,0.0,0.0
4,2020,12,0.0,0.0,0.0,0.0,0.0
4,2021,1,0.0,0.0,0.0,0.0,0.0
4,2021,2,0.0,0.0,0.0,0.0,0.0
4,2021,3,0.0,0.0,0.0,0.0,0.0
4,2021,4,0.0,0.0,0.0,0.0,0.0
4,2021,5,0.0,0.0,0.0,0.0,0.0
4,2021,6,0.0,0.0,0.0,0.0,0.0
4,2021,7,0.0,0.0,0.0,0.0,0.0
4,2021,8,0.0,0.0,0.0,0.0,0.0
4,2021,9,0.0,0.0,0.0,0.0,0.0
4,2021,10,0.0,0.0,0.0,0.0,0.0
4,2021,11,0.0,0.0,0.0,0.0,0.0
4,2021,12,0.0,0.0,0.0,0.0,0.0
4,2022,1,0.0,0.0,0.0,0.0,0.0
4,2022,2,0.0,0.0,0.0,0.0,0.0
4,2022,3,0.0,0.0,0.0,0.0,0.0
4,2022,4,0.0,0.0,0.0,0.0,0.0
4,2022,5,0.0,0.0,0.0,0.0,0.0
4,2022,6,0.0,0.0,0.0,0.0,0.0
4,2022,7,0.0,0.0,0.0,0.0,0.0
4,2022,8,0.0,0.0,0.0,0.0,0.0
4,2022,9,0.0,0.0,0.0,0.0,0.0
4,2022,10,0.0,0.0,0.0,0.0,0.0
4,2022,11,0.0,0.0,0.0,0.0,0.0
4,2022,12,0.0,0.0,0.0,0.0,0.0
4,2023,1,0.0,0.0,0.0,0.0,0.0
4,2023,2,0.0,0.0,0.0,0.0,0.0
4,2023,3,2.0,2.0,2.0,0.0,0.0
4,2023,4,5.0,5.0,5.0,0.0,0.0
4,2023,5,76.0,76.0,65.0,1.0,10.0
4,2023,6,179.0,179.0,142.0,5.0,32.0
4,2023,7,87.0,87.0,69.0,4.0,14.0
4,2023,8,171.0,171.0,151.0,5.0,15.0
4,2023,9,278.0,278.0,242.0,5.0,31.0
4,2023,10,404.0,404.0,355.0,12.0,37.0
4,2023,11,485.0,485.0,401.0,14.0,70.0
4,2023,12,1106.0,1106.0,897.0,26.0,183.0
4,2024,1,2478.0,647.0,470.0,42.0,135.0
4,2024,2,654.0,654.0,504.0,23.0,127.0
4,2024,3,600.0,600.0,456.0,16.0,128.0
4,2024,4,299.0,299.0,217.0,5.0,77.0
4,2024,5,126.0,126.0,105.0,2.0,19.0
4,2024,6,88.0,88.0,79.0,1.0,8.0
4,2024,7,51.0,51.0,38.0,3.0,10.0
4,2024,8,11.0,11.0,9.0,0.0,2.0
4,2024,9,1.0,1.0,1.0,0.0,0.0
4,2024,10,0.0,0.0,0.0,0.0,0.0
4,2024,11,0.0,0.0,0.0,0.0,0.0
4,2024,12,1.0,1.0,1.0,0.0,0.0
4,2025,1,0.0,0.0,0.0,0.0,0.0
4,2025,2,0.0,0.0,0.0,0.0,0.0
4,2025,3,14.0,14.0,14.0,0.0,0.0
4,2025,4,42.0,42.0,39.0,1.0,2.0
4,2025,5,7.0,7.0,6.0,0.0,1.0
4,2025,6,14.0,14.0,14.0,0.0,0.0
4,2025,7,3.0,3.0,3.0,0.0,0.0
4,2025,8,2.0,2.0,2.0,0.0,0.0
4,2025,9,0.0,0.0,0.0,0.0,0.0
4,2025,10,0.0,0.0,0.0,0.0,0.0
4,2025,11,7.0,7.0,7.0,0.0,0.0
4,2025,12,33.0,33.0,32.0,0.0,1.0
4,2026,1,146.0,146.0,135.0,1.0,10.0
4,2026,2,191.0,191.0,166.0,2.0,23.0
4,2026,3,120.0,120.0,109.0,0.0,11.0
4,2026,4,64.0,64.0,52.0,1.0,11.0
4,2026,5,44.0,44.0,37.0,0.0,7.0
4,2026,6,23.0,23.0,20.0,0.0,3.0
4,2026,7,12.0,12.0,12.0,0.0,0.0
5,2019,1,189.0,189.0,169.0,0.0,20.0
5,2019,2,158.0,158.0,121.0,0.0,37.0
5,2019,3,167.0,167.0,114.0,2.0,51.0
5,2019,4,86.0,86.0,58.0,0.0,28.0
5,2019,5,62.0,62.0,35.0,1.0,26.0
5,2019,6,46.0,46.0,26.0,0.0,20.0
5,2019,7,34.0,34.0,30.0,0.0,4.0
5,2019,8,16.0,16.0,12.0,0.0,4.0
5,2019,9,6.0,6.0,4.0,0.0,2.0
5,2019,10,0.0,0.0,0.0,0.0,0.0
5,2019,11,4.0,4.0,4.0,0.0,0.0
5,2019,12,6.0,6.0,5.0,0.0,1.0
5,2020,1,17.0,17.0,14.0,1.0,2.0
5,2020,2,34.0,34.0,23.0,0.0,11.0
5,2020,3,26.0,26.0,23.0,0.0,3.0
5,2020,4,25.0,25.0,21.0,0.0,4.0
5,2020,5,0.0,0.0,0.0,0.0,0.0
5,2020,6,0.0,0.0,0.0,0.0,0.0
5,2020,7,0.0,0.0,0.0,0.0,0.0
5,2020,8,0.0,0.0,0.0,0.0,0.0
5,2020,9,0.0,0.0,0.0,0.0,0.0
5,2020,10,0.0,0.0,0.0,0.0,0.0
5,2020,11,0.0,0.0,0.0,0.0,0.0
5,2020,12,0.0,0.0,0.0,0.0,0.0
5,2021,1,0.0,0.0,0.0,0.0,0.0
5,2021,2,0.0,0.0,0.0,0.0,0.0
5,2021,3,0.0,0.0,0.0,0.0,0.0
5,2021,4,0.0,0.0,0.0,0.0,0.0
5,2021,5,0.0,0.0,0.0,0.0,0.0
5,2021,6,0.0,0.0,0.0,0.0,0.0
5,2021,7,0.0,0.0,0.0,0.0,0.0
5,2021,8,0.0,0.0,0.0,0.0,0.0
5,2021,9,0.0,0.0,0.0,0.0,0.0
5,2021,10,0.0,0.0,0.0,0.0,0.0
5,2021,11,0.0,0.0,0.0,0.0,0.0
5,2021,12,0.0,0.0,0.0,0.0,0.0
5,2022,1,0.0,0.0,0.0,0.0,0.0
5,2022,2,0.0,0.0,0.0,0.0,0.0
5,2022,3,0.0,0.0,0.0,0.0,0.0
5,2022,4,0.0,0.0,0.0,0.0,0.0
5,2022,5,0.0,0.0,0.0,0.0,0.0
5,2022,6,0.0,0.0,0.0,0.0,0.0
5,2022,7,0.0,0.0,0.0,0.0,0.0
5,2022,8,0.0,0.0,0.0,0.0,0.0
5,2022,9,0.0,0.0,0.0,0.0,0.0
5,2022,10,0.0,0.0,0.0,0.0,0.0
5,2022,11,0.0,0.0,0.0,0.0,0.0
5,2022,12,0.0,0.0,0.0,0.0,0.0
5,2023,1,0.0,0.0,0.0,0.0,0.0
5,2023,2,0.0,0.0,0.0,0.0,0.0
5,2023,3,3.0,3.0,3.0,0.0,0.0
5,2023,4,7.0,7.0,7.0,0.0,0.0
5,2023,5,57.0,57.0,47.0,0.0,10.0
5,2023,6,62.0,62.0,54.0,1.0,7.0
5,2023,7,93.0,93.0,82.0,0.0,11.0
5,2023,8,37.0,37.0,33.0,0.0,4.0
5,2023,9,260.0,260.0,224.0,2.0,34.0
5,2023,10,422.0,422.0,368.0,6.0,48.0
5,2023,11,436.0,436.0,345.0,8.0,83.0
5,2023,12,456.0,456.0,309.0,30.0,117.0
5,2024,1,2252.0,1228.0,972.0,34.0,222.0
5,2024,2,594.0,594.0,477.0,15.0,102.0
5,2024,3,166.0,166.0,129.0,2.0,35.0
5,2024,4,103.0,103.0,88.0,2.0,13.0
5,2024,5,74.0,74.0,62.0,0.0,12.0
5,2024,6,48.0,48.0,43.0,0.0,5.0
5,2024,7,34.0,34.0,28.0,1.0,5.0
5,2024,8,5.0,5.0,3.0,0.0,2.0
5,2024,9,0.0,0.0,0.0,0.0,0.0
5,2024,10,0.0,0.0,0.0,0.0,0.0
5,2024,11,0.0,0.0,0.0,0.0,0.0
5,2024,12,0.0,0.0,0.0,0.0,0.0
5,2025,1,4.0,4.0,3.0,0.0,1.0
5,2025,2,8.0,8.0,7.0,0.0,1.0
5,2025,3,27.0,27.0,24.0,1.0,2.0
5,2025,4,39.0,39.0,36.0,0.0,3.0
5,2025,5,28.0,28.0,24.0,0.0,4.0
5,2025,6,6.0,6.0,5.0,0.0,1.0
5,2025,7,0.0,0.0,0.0,0.0,0.0
5,2025,8,8.0,8.0,8.0,0.0,0.0
5,2025,9,0.0,0.0,0.0,0.0,0.0
5,2025,10,16.0,16.0,15.0,0.0,1.0
5,2025,11,62.0,62.0,60.0,1.0,1.0
5,2025,12,106.0,106.0,103.0,0.0,3.0
5,2026,1,110.0,110.0,100.0,0.0,10.0
5,2026,2,72.0,72.0,65.0,0.0,7.0
5,2026,3,111.0,111.0,104.0,1.0,6.0
5,2026,4,60.0,60.0,49.0,0.0,11.0
5,2026,5,31.0,31.0,25.0,1.0,5.0
5,2026,6,18.0,18.0,13.0,2.0,3.0
5,2026,7,1.0,1.0,1.0,0.0,0.0
6,2019,1,7.0,7.0,4.0,2.0,1.0
6,2019,2,5.0,5.0,3.0,0.0,2.0
6,2019,3,4.0,4.0,2.0,0.0,2.0
6,2019,4,31.0,31.0,17.0,0.0,14.0
6,2019,5,11.0,11.0,6.0,0.0,5.0
6,2019,6,9.0,9.0,5.0,0.0,4.0
6,2019,7,3.0,3.0,3.0,0.0,0.0
6,2019,8,2.0,2.0,2.0,0.0,0.0
6,2019,9,8.0,8.0,5.0,1.0,2.0
6,2019,10,1.0,1.0,1.0,0.0,0.0
6,2019,11,0.0,0.0,0.0,0.0,0.0
6,2019,12,5.0,5.0,2.0,0.0,3.0
6,2020,1,37.0,37.0,26.0,1.0,10.0
6,2020,2,22.0,22.0,10.0,0.0,12.0
6,2020,3,28.0,28.0,13.0,1.0,14.0
6,2020,4,23.0,23.0,19.0,0.0,4.0
6,2020,5,14.0,14.0,9.0,3.0,2.0
6,2020,6,6.0,6.0,0.0,0.0,6.0
6,2020,7,0.0,0.0,0.0,0.0,0.0
6,2020,8,0.0,0.0,0.0,0.0,0.0
6,2020,9,0.0,0.0,0.0,0.0,0.0
6,2020,10,0.0,0.0,0.0,0.0,0.0
6,2020,11,0.0,0.0,0.0,0.0,0.0
6,2020,12,0.0,0.0,0.0,0.0,0.0
6,2021,1,0.0,0.0,0.0,0.0,0.0
6,2021,2,0.0,0.0,0.0,0.0,0.0
6,2021,3,0.0,0.0,0.0,0.0,0.0
6,2021,4,0.0,0.0,0.0,0.0,0.0
6,2021,5,0.0,0.0,0.0,0.0,0.0
6,2021,6,0.0,0.0,0.0,0.0,0.0
6,2021,7,0.0,0.0,0.0,0.0,0.0
6,2021,8,0.0,0.0,0.0,0.0,0.0
6,2021,9,0.0,0.0,0.0,0.0,0.0
6,2021,10,0.0,0.0,0.0,0.0,0.0
6,2021,11,0.0,0.0,0.0,0.0,0.0
6,2021,12,0.0,0.0,0.0,0.0,0.0
6,2022,1,0.0,0.0,0.0,0.0,0.0
6,2022,2,0.0,0.0,0.0,0.0,0.0
6,2022,3,0.0,0.0,0.0,0.0,0.0
6,2022,4,0.0,0.0,0.0,0.0,0.0
6,2022,5,0.0,0.0,0.0,0.0,0.0
6,2022,6,0.0,0.0,0.0,0.0,0.0
6,2022,7,0.0,0.0,0.0,0.0,0.0
6,2022,8,0.0,0.0,0.0,0.0,0.0
6,2022,9,0.0,0.0,0.0,0.0,0.0
6,2022,10,0.0,0.0,0.0,0.0,0.0
6,2022,11,0.0,0.0,0.0,0.0,0.0
6,2022,12,0.0,0.0,0.0,0.0,0.0
6,2023,1,0.0,0.0,0.0,0.0,0.0
6,2023,2,0.0,0.0,0.0,0.0,0.0
6,2023,3,0.0,0.0,0.0,0.0,0.0
6,2023,4,0.0,0.0,0.0,0.0,0.0
6,2023,5,0.0,0.0,0.0,0.0,0.0
6,2023,6,1.0,1.0,1.0,0.0,0.0
6,2023,7,8.0,8.0,6.0,0.0,2.0
6,2023,8,13.0,13.0,11.0,1.0,1.0
6,2023,9,7.0,7.0,6.0,0.0,1.0
6,2023,10,31.0,31.0,27.0,0.0,4.0
6,2023,11,74.0,74.0,51.0,2.0,21.0
6,2023,12,144.0,144.0,88.0,13.0,43.0
6,2024,1,361.0,89.0,36.0,5.0,48.0
6,2024,2,130.0,130.0,41.0,17.0,72.0
6,2024,3,75.0,75.0,29.0,5.0,41.0
6,2024,4,52.0,52.0,29.0,2.0,21.0
6,2024,5,11.0,11.0,8.0,0.0,3.0
6,2024,6,3.0,3.0,1.0,0.0,2.0
6,2024,7,1.0,1.0,1.0,0.0,0.0
6,2024,8,0.0,0.0,0.0,0.0,0.0
6,2024,9,0.0,0.0,0.0,0.0,0.0
6,2024,10,0.0,0.0,0.0,0.0,0.0
6,2024,11,0.0,0.0,0.0,0.0,0.0
6,2024,12,0.0,0.0,0.0,0.0,0.0
6,2025,1,0.0,0.0,0.0,0.0,0.0
6,2025,2,2.0,2.0,2.0,0.0,0.0
6,2025,3,39.0,39.0,33.0,0.0,6.0
6,2025,4,122.0,122.0,77.0,9.0,36.0
6,2025,5,58.0,58.0,27.0,5.0,26.0
6,2025,6,27.0,27.0,17.0,1.0,9.0
6,2025,7,13.0,13.0,10.0,0.0,3.0
6,2025,8,3.0,3.0,3.0,0.0,0.0
6,2025,9,0.0,0.0,0.0,0.0,0.0
6,2025,10,0.0,0.0,0.0,0.0,0.0
6,2025,11,2.0,2.0,2.0,0.0,0.0
6,2025,12,2.0,2.0,2.0,0.0,0.0
6,2026,1,3.0,3.0,3.0,0.0,0.0
6,2026,2,10.0,10.0,4.0,0.0,6.0
6,2026,3,18.0,18.0,12.0,0.0,6.0
6,2026,4,4.0,4.0,4.0,0.0,0.0
6,2026,5,3.0,3.0,0.0,0.0,3.0
6,2026,6,7.0,7.0,7.0,0.0,0.0
6,2026,7,8.0,8.0,6.0,0.0,2.0
7,2019,1,30.0,30.0,22.0,0.0,8.0
7,2019,2,68.0,68.0,44.0,2.0,22.0
7,2019,3,90.0,90.0,73.0,0.0,17.0
7,2019,4,111.0,111.0,93.0,0.0,18.0
7,2019,5,70.0,70.0,54.0,0.0,16.0
7,2019,6,33.0,33.0,26.0,0.0,7.0
7,2019,7,19.0,19.0,14.0,0.0,5.0
7,2019,8,5.0,5.0,5.0,0.0,0.0
7,2019,9,5.0,5.0,4.0,0.0,1.0
7,2019,10,0.0,0.0,0.0,0.0,0.0
7,2019,11,0.0,0.0,0.0,0.0,0.0
7,2019,12,0.0,0.0,0.0,0.0,0.0
7,2020,1,5.0,5.0,5.0,0.0,0.0
7,2020,2,34.0,34.0,27.0,0.0,7.0
7,2020,3,35.0,35.0,22.0,0.0,13.0
7,2020,4,0.0,0.0,0.0,0.0,0.0
7,2020,5,0.0,0.0,0.0,0.0,0.0
7,2020,6,0.0,0.0,0.0,0.0,0.0
7,2020,7,0.0,0.0,0.0,0.0,0.0
7,2020,8,0.0,0.0,0.0,0.0,0.0
7,2020,9,0.0,0.0,0.0,0.0,0.0
7,2020,10,0.0,0.0,0.0,0.0,0.0
7,2020,11,2.0,2.0,1.0,0.0,1.0
7,2020,12,0.0,0.0,0.0,0.0,0.0
7,2021,1,0.0,0.0,0.0,0.0,0.0
7,2021,2,0.0,0.0,0.0,0.0,0.0
7,2021,3,0.0,0.0,0.0,0.0,0.0
7,2021,4,0.0,0.0,0.0,0.0,0.0
7,2021,5,0.0,0.0,0.0,0.0,0.0
7,2021,6,0.0,0.0,0.0,0.0,0.0
7,2021,7,0.0,0.0,0.0,0.0,0.0
7,2021,8,0.0,0.0,0.0,0.0,0.0
7,2021,9,0.0,0.0,0.0,0.0,0.0
7,2021,10,0.0,0.0,0.0,0.0,0.0
7,2021,11,0.0,0.0,0.0,0.0,0.0
7,2021,12,0.0,0.0,0.0,0.0,0.0
7,2022,1,0.0,0.0,0.0,0.0,0.0
7,2022,2,0.0,0.0,0.0,0.0,0.0
7,2022,3,0.0,0.0,0.0,0.0,0.0
7,2022,4,0.0,0.0,0.0,0.0,0.0
7,2022,5,0.0,0.0,0.0,0.0,0.0
7,2022,6,0.0,0.0,0.0,0.0,0.0
7,2022,7,0.0,0.0,0.0,0.0,0.0
7,2022,8,0.0,0.0,0.0,0.0,0.0
7,2022,9,0.0,0.0,0.0,0.0,0.0
7,2022,10,0.0,0.0,0.0,0.0,0.0
7,2022,11,0.0,0.0,0.0,0.0,0.0
7,2022,12,0.0,0.0,0.0,0.0,0.0
7,2023,1,0.0,0.0,0.0,0.0,0.0
7,2023,2,0.0,0.0,0.0,0.0,0.0
7,2023,3,0.0,0.0,0.0,0.0,0.0
7,2023,4,0.0,0.0,0.0,0.0,0.0
7,2023,5,40.0,40.0,31.0,3.0,6.0
7,2023,6,177.0,177.0,132.0,6.0,39.0
7,2023,7,187.0,187.0,152.0,6.0,29.0
7,2023,8,137.0,137.0,114.0,0.0,23.0
7,2023,9,314.0,314.0,264.0,3.0,47.0
7,2023,10,548.0,548.0,446.0,11.0,91.0
7,2023,11,1164.0,1164.0,973.0,26.0,165.0
7,2023,12,1017.0,1017.0,801.0,30.0,186.0
7,2024,1,1177.0,648.0,544.0,10.0,94.0
7,2024,2,354.0,354.0,324.0,5.0,25.0
7,2024,3,107.0,107.0,100.0,0.0,7.0
7,2024,4,14.0,14.0,13.0,0.0,1.0
7,2024,5,34.0,34.0,34.0,0.0,0.0
7,2024,6,11.0,11.0,9.0,0.0,2.0
7,2024,7,8.0,8.0,8.0,0.0,0.0
7,2024,8,1.0,1.0,1.0,0.0,0.0
7,2024,9,0.0,0.0,0.0,0.0,0.0
7,2024,10,0.0,0.0,0.0,0.0,0.0
7,2024,11,0.0,0.0,0.0,0.0,0.0
7,2024,12,0.0,0.0,0.0,0.0,0.0
7,2025,1,5.0,5.0,3.0,0.0,2.0
7,2025,2,37.0,37.0,31.0,3.0,3.0
7,2025,3,120.0,120.0,107.0,0.0,13.0
7,2025,4,157.0,157.0,140.0,5.0,12.0
7,2025,5,65.0,65.0,61.0,1.0,3.0
7,2025,6,67.0,67.0,58.0,0.0,9.0
7,2025,7,31.0,31.0,28.0,0.0,3.0
7,2025,8,14.0,14.0,12.0,0.0,2.0
7,2025,9,6.0,6.0,5.0,0.0,1.0
7,2025,10,7.0,7.0,7.0,0.0,0.0
7,2025,11,64.0,64.0,59.0,0.0,5.0
7,2025,12,354.0,354.0,311.0,0.0,43.0
7,2026,1,339.0,339.0,279.0,1.0,59.0
7,2026,2,143.0,143.0,106.0,4.0,33.0
7,2026,3,44.0,44.0,27.0,0.0,17.0
7,2026,4,22.0,22.0,18.0,0.0,4.0
7,2026,5,7.0,7.0,7.0,0.0,0.0
7,2026,6,7.0,7.0,6.0,0.0,1.0
7,2026,7,1.0,1.0,1.0,0.0,0.0
8,2019,1,,,,,
8,2019,2,,,,,
8,2019,3,,,,,
8,2019,4,,,,,
8,2019,5,,,,,
8,2019,6,,,,,
8,2019,7,,,,,
8,2019,8,,,,,
8,2019,9,,,,,
8,2019,10,,,,,
8,2019,11,,,,,
8,2019,12,,,,,
8,2020,1,,,,,
8,2020,2,,,,,
8,2020,3,,,,,
8,2020,4,,,,,
8,2020,5,,,,,
8,2020,6,,,,,
8,2020,7,,,,,
8,2020,8,,,,,
8,2020,9,,,,,
8,2020,10,,,,,
8,2020,11,,,,,
8,2020,12,,,,,
8,2021,1,,,,,
8,2021,2,,,,,
8,2021,3,,,,,
8,2021,4,,,,,
8,2021,5,,,,,
8,2021,6,,,,,
8,2021,7,,,,,
8,2021,8,,,,,
8,2021,9,,,,,
8,2021,10,,,,,
8,2021,11,,,,,
8,2021,12,,,,,
8,2022,1,,,,,
8,2022,2,,,,,
8,2022,3,,,,,
8,2022,4,,,,,
8,2022,5,,,,,
8,2022,6,,,,,
8,2022,7,,,,,
8,2022,8,,,,,
8,2022,9,,,,,
8,2022,10,,,,,
8,2022,11,,,,,
8,2022,12,,,,,
8,2023,1,0.0,0.0,0.0,0.0,0.0
8,2023,2,3.0,3.0,2.0,0.0,1.0
8,2023,3,3.0,3.0,2.0,0.0,1.0
8,2023,4,1.0,1.0,1.0,0.0,0.0
8,2023,5,2.0,2.0,2.0,0.0,0.0
8,2023,6,29.0,29.0,19.0,0.0,10.0
8,2023,7,29.0,29.0,25.0,0.0,4.0
8,2023,8,86.0,86.0,76.0,2.0,8.0
8,2023,9,28.0,28.0,24.0,0.0,4.0
8,2023,10,33.0,33.0,26.0,1.0,6.0
8,2023,11,144.0,144.0,89.0,7.0,48.0
8,2023,12,218.0,218.0,157.0,15.0,46.0
8,2024,1,729.0,158.0,97.0,7.0,54.0
8,2024,2,187.0,187.0,128.0,6.0,53.0
8,2024,3,181.0,181.0,122.0,10.0,49.0
8,2024,4,136.0,136.0,106.0,3.0,27.0
8,2024,5,50.0,50.0,32.0,1.0,17.0
8,2024,6,17.0,17.0,13.0,1.0,3.0
8,2024,7,0.0,0.0,0.0,0.0,0.0
8,2024,8,0.0,0.0,0.0,0.0,0.0
8,2024,9,0.0,0.0,0.0,0.0,0.0
8,2024,10,0.0,0.0,0.0,0.0,0.0
8,2024,11,0.0,0.0,0.0,0.0,0.0
8,2024,12,0.0,0.0,0.0,0.0,0.0
8,2025,1,0.0,0.0,0.0,0.0,0.0
8,2025,2,0.0,0.0,0.0,0.0,0.0
8,2025,3,1.0,1.0,1.0,0.0,0.0
8,2025,4,0.0,0.0,0.0,0.0,0.0
8,2025,5,4.0,4.0,4.0,0.0,0.0
8,2025,6,0.0,0.0,0.0,0.0,0.0
8,2025,7,0.0,0.0,0.0,0.0,0.0
8,2025,8,0.0,0.0,0.0,0.0,0.0
8,2025,9,0.0,0.0,0.0,0.0,0.0
8,2025,10,0.0,0.0,0.0,0.0,0.0
8,2025,11,1.0,1.0,1.0,0.0,0.0
8,2025,12,35.0,35.0,33.0,0.0,2.0
8,2026,1,46.0,46.0,41.0,0.0,5.0
8,2026,2,16.0,16.0,12.0,0.0,4.0
8,2026,3,28.0,28.0,23.0,3.0,2.0
8,2026,4,25.0,25.0,18.0,0.0,7.0
8,2026,5,17.0,17.0,14.0,0.0,3.0
8,2026,6,9.0,9.0,6.0,0.0,3.0
8,2026,7,4.0,4.0,3.0,0.0,1.0
9,2019,1,0.0,0.0,0.0,0.0,0.0
9,2019,2,3.0,3.0,1.0,0.0,2.0
9,2019,3,25.0,25.0,9.0,0.0,16.0
9,2019,4,46.0,46.0,23.0,0.0,23.0
9,2019,5,26.0,26.0,10.0,0.0,16.0
9,2019,6,13.0,13.0,7.0,1.0,5.0
9,2019,7,6.0,6.0,4.0,0.0,2.0
9,2019,8,0.0,0.0,0.0,0.0,0.0
9,2019,9,0.0,0.0,0.0,0.0,0.0
9,2019,10,1.0,1.0,0.0,0.0,1.0
9,2019,11,0.0,0.0,0.0,0.0,0.0
9,2019,12,2.0,2.0,1.0,0.0,1.0
9,2020,1,2.0,2.0,1.0,0.0,1.0
9,2020,2,4.0,4.0,2.0,0.0,2.0
9,2020,3,13.0,13.0,3.0,0.0,10.0
9,2020,4,2.0,2.0,1.0,0.0,1.0
9,2020,5,1.0,1.0,1.0,0.0,0.0
9,2020,6,0.0,0.0,0.0,0.0,0.0
9,2020,7,0.0,0.0,0.0,0.0,0.0
9,2020,8,0.0,0.0,0.0,0.0,0.0
9,2020,9,0.0,0.0,0.0,0.0,0.0
9,2020,10,0.0,0.0,0.0,0.0,0.0
9,2020,11,0.0,0.0,0.0,0.0,0.0
9,2020,12,0.0,0.0,0.0,0.0,0.0
9,2021,1,0.0,0.0,0.0,0.0,0.0
9,2021,2,0.0,0.0,0.0,0.0,0.0
9,2021,3,0.0,0.0,0.0,0.0,0.0
9,2021,4,0.0,0.0,0.0,0.0,0.0
9,2021,5,0.0,0.0,0.0,0.0,0.0
9,2021,6,0.0,0.0,0.0,0.0,0.0
9,2021,7,0.0,0.0,0.0,0.0,0.0
9,2021,8,0.0,0.0,0.0,0.0,0.0
9,2021,9,0.0,0.0,0.0,0.0,0.0
9,2021,10,0.0,0.0,0.0,0.0,0.0
9,2021,11,0.0,0.0,0.0,0.0,0.0
9,2021,12,0.0,0.0,0.0,0.0,0.0
9,2022,1,0.0,0.0,0.0,0.0,0.0
9,2022,2,0.0,0.0,0.0,0.0,0.0
9,2022,3,0.0,0.0,0.0,0.0,0.0
9,2022,4,0.0,0.0,0.0,0.0,0.0
9,2022,5,0.0,0.0,0.0,0.0,0.0
9,2022,6,0.0,0.0,0.0,0.0,0.0
9,2022,7,0.0,0.0,0.0,0.0,0.0
9,2022,8,2.0,2.0,2.0,0.0,0.0
9,2022,9,1.0,1.0,1.0,0.0,0.0
9,2022,10,0.0,0.0,0.0,0.0,0.0
9,2022,11,0.0,0.0,0.0,0.0,0.0
9,2022,12,0.0,0.0,0.0,0.0,0.0
9,2023,1,0.0,0.0,0.0,0.0,0.0
9,2023,2,0.0,0.0,0.0,0.0,0.0
9,2023,3,0.0,0.0,0.0,0.0,0.0
9,2023,4,1.0,1.0,0.0,0.0,1.0
9,2023,5,7.0,7.0,5.0,0.0,2.0
9,2023,6,8.0,8.0,4.0,0.0,4.0
9,2023,7,7.0,7.0,3.0,0.0,4.0
9,2023,8,12.0,12.0,6.0,0.0,6.0
9,2023,9,18.0,18.0,13.0,0.0,5.0
9,2023,10,57.0,57.0,32.0,2.0,23.0
9,2023,11,186.0,186.0,133.0,22.0,31.0
9,2023,12,181.0,181.0,89.0,22.0,70.0
9,2024,1,1296.0,171.0,135.0,7.0,29.0
9,2024,2,221.0,221.0,117.0,9.0,95.0
9,2024,3,270.0,270.0,159.0,12.0,99.0
9,2024,4,183.0,183.0,114.0,3.0,66.0
9,2024,5,143.0,143.0,81.0,6.0,56.0
9,2024,6,145.0,145.0,81.0,5.0,59.0
9,2024,7,74.0,74.0,49.0,1.0,24.0
9,2024,8,6.0,6.0,4.0,0.0,2.0
9,2024,9,16.0,16.0,8.0,2.0,6.0
9,2024,10,24.0,24.0,20.0,2.0,2.0
9,2024,11,22.0,22.0,17.0,0.0,5.0
9,2024,12,21.0,21.0,10.0,1.0,10.0
9,2025,1,2.0,2.0,0.0,1.0,1.0
9,2025,2,0.0,0.0,0.0,0.0,0.0
9,2025,3,0.0,0.0,0.0,0.0,0.0
9,2025,4,0.0,0.0,0.0,0.0,0.0
9,2025,5,11.0,11.0,8.0,0.0,3.0
9,2025,6,5.0,5.0,3.0,0.0,2.0
9,2025,7,0.0,0.0,0.0,0.0,0.0
9,2025,8,0.0,0.0,0.0,0.0,0.0
9,2025,9,0.0,0.0,0.0,0.0,0.0
9,2025,10,0.0,0.0,0.0,0.0,0.0
9,2025,11,0.0,0.0,0.0,0.0,0.0
9,2025,12,3.0,3.0,3.0,0.0,0.0
9,2026,1,25.0,25.0,22.0,2.0,1.0
9,2026,2,83.0,83.0,76.0,1.0,6.0
9,2026,3,89.0,89.0,69.0,2.0,18.0
9,2026,4,52.0,52.0,39.0,3.0,10.0
9,2026,5,16.0,16.0,14.0,2.0,0.0
9,2026,6,27.0,27.0,21.0,0.0,6.0
9,2026,7,6.0,6.0,6.0,0.0,0.0
10,2019,1,13.0,13.0,11.0,0.0,2.0
10,2019,2,32.0,32.0,29.0,0.0,3.0
10,2019,3,25.0,25.0,16.0,0.0,9.0
10,2019,4,17.0,17.0,9.0,0.0,8.0
10,2019,5,83.0,83.0,59.0,1.0,23.0
10,2019,6,34.0,34.0,25.0,2.0,7.0
10,2019,7,45.0,45.0,32.0,0.0,13.0
10,2019,8,32.0,32.0,21.0,1.0,10.0
10,2019,9,23.0,23.0,19.0,1.0,3.0
10,2019,10,10.0,10.0,8.0,0.0,2.0
10,2019,11,11.0,11.0,8.0,0.0,3.0
10,2019,12,29.0,29.0,17.0,0.0,12.0
10,2020,1,50.0,50.0,36.0,1.0,13.0
10,2020,2,52.0,52.0,34.0,1.0,17.0
10,2020,3,48.0,48.0,35.0,2.0,11.0
10,2020,4,24.0,24.0,20.0,1.0,3.0
10,2020,5,1.0,1.0,1.0,0.0,0.0
10,2020,6,0.0,0.0,0.0,0.0,0.0
10,2020,7,0.0,0.0,0.0,0.0,0.0
10,2020,8,0.0,0.0,0.0,0.0,0.0
10,2020,9,0.0,0.0,0.0,0.0,0.0
10,2020,10,0.0,0.0,0.0,0.0,0.0
10,2020,11,0.0,0.0,0.0,0.0,0.0
10,2020,12,0.0,0.0,0.0,0.0,0.0
10,2021,1,0.0,0.0,0.0,0.0,0.0
10,2021,2,0.0,0.0,0.0,0.0,0.0
10,2021,3,0.0,0.0,0.0,0.0,0.0
10,2021,4,0.0,0.0,0.0,0.0,0.0
10,2021,5,0.0,0.0,0.0,0.0,0.0
10,2021,6,0.0,0.0,0.0,0.0,0.0
10,2021,7,0.0,0.0,0.0,0.0,0.0
10,2021,8,0.0,0.0,0.0,0.0,0.0
10,2021,9,0.0,0.0,0.0,0.0,0.0
10,2021,10,0.0,0.0,0.0,0.0,0.0
10,2021,11,0.0,0.0,0.0,0.0,0.0
10,2021,12,0.0,0.0,0.0,0.0,0.0
10,2022,1,0.0,0.0,0.0,0.0,0.0
10,2022,2,0.0,0.0,0.0,0.0,0.0
10,2022,3,0.0,0.0,0.0,0.0,0.0
10,2022,4,0.0,0.0,0.0,0.0,0.0
10,2022,5,0.0,0.0,0.0,0.0,0.0
10,2022,6,0.0,0.0,0.0,0.0,0.0
10,2022,7,0.0,0.0,0.0,0.0,0.0
10,2022,8,0.0,0.0,0.0,0.0,0.0
10,2022,9,0.0,0.0,0.0,0.0,0.0
10,2022,10,0.0,0.0,0.0,0.0,0.0
10,2022,11,0.0,0.0,0.0,0.0,0.0
10,2022,12,0.0,0.0,0.0,0.0,0.0
10,2023,1,0.0,0.0,0.0,0.0,0.0
10,2023,2,3.0,3.0,3.0,0.0,0.0
10,2023,3,0.0,0.0,0.0,0.0,0.0
10,2023,4,0.0,0.0,0.0,0.0,0.0
10,2023,5,2.0,2.0,2.0,0.0,0.0
10,2023,6,9.0,9.0,9.0,0.0,0.0
10,2023,7,32.0,32.0,24.0,0.0,8.0
10,2023,8,49.0,49.0,41.0,1.0,7.0
10,2023,9,54.0,54.0,42.0,0.0,12.0
10,2023,10,82.0,82.0,64.0,5.0,13.0
10,2023,11,258.0,258.0,160.0,16.0,82.0
10,2023,12,316.0,316.0,216.0,13.0,87.0
10,2024,1,2226.0,263.0,184.0,13.0,66.0
10,2024,2,594.0,594.0,379.0,53.0,162.0
10,2024,3,412.0,412.0,283.0,44.0,85.0
10,2024,4,464.0,464.0,302.0,45.0,117.0
10,2024,5,243.0,243.0,157.0,41.0,45.0
10,2024,6,141.0,141.0,112.0,9.0,20.0
10,2024,7,83.0,83.0,61.0,8.0,14.0
10,2024,8,24.0,24.0,20.0,1.0,3.0
10,2024,9,2.0,2.0,2.0,0.0,0.0
10,2024,10,0.0,0.0,0.0,0.0,0.0
10,2024,11,0.0,0.0,0.0,0.0,0.0
10,2024,12,0.0,0.0,0.0,0.0,0.0
10,2025,1,0.0,0.0,0.0,0.0,0.0
10,2025,2,0.0,0.0,0.0,0.0,0.0
10,2025,3,0.0,0.0,0.0,0.0,0.0
10,2025,4,5.0,5.0,4.0,0.0,1.0
10,2025,5,4.0,4.0,3.0,0.0,1.0
10,2025,6,6.0,6.0,5.0,0.0,1.0
10,2025,7,1.0,1.0,1.0,0.0,0.0
10,2025,8,1.0,1.0,0.0,0.0,1.0
10,2025,9,0.0,0.0,0.0,0.0,0.0
10,2025,10,0.0,0.0,0.0,0.0,0.0
10,2025,11,17.0,17.0,16.0,0.0,1.0
10,2025,12,74.0,74.0,63.0,4.0,7.0
10,2026,1,87.0,87.0,76.0,3.0,8.0
10,2026,2,146.0,146.0,126.0,4.0,16.0
10,2026,3,85.0,85.0,72.0,2.0,11.0
10,2026,4,78.0,78.0,67.0,0.0,11.0
10,2026,5,32.0,32.0,28.0,0.0,4.0
10,2026,6,62.0,62.0,57.0,1.0,4.0
10,2026,7,0.0,0.0,0.0,0.0,0.0
11,2019,1,23.0,23.0,16.0,0.0,7.0
11,2019,2,23.0,23.0,13.0,1.0,9.0
11,2019,3,75.0,75.0,49.0,0.0,26.0
11,2019,4,55.0,55.0,23.0,0.0,32.0
11,2019,5,15.0,15.0,8.0,0.0,7.0
11,2019,6,0.0,0.0,0.0,0.0,0.0
11,2019,7,1.0,1.0,1.0,0.0,0.0
11,2019,8,0.0,0.0,0.0,0.0,0.0
11,2019,9,0.0,0.0,0.0,0.0,0.0
11,2019,10,1.0,1.0,1.0,0.0,0.0
11,2019,11,0.0,0.0,0.0,0.0,0.0
11,2019,12,0.0,0.0,0.0,0.0,0.0
11,2020,1,0.0,0.0,0.0,0.0,0.0
11,2020,2,34.0,34.0,4.0,12.0,18.0
11,2020,3,15.0,15.0,9.0,4.0,2.0
11,2020,4,2.0,2.0,2.0,0.0,0.0
11,2020,5,0.0,0.0,0.0,0.0,0.0
11,2020,6,0.0,0.0,0.0,0.0,0.0
11,2020,7,0.0,0.0,0.0,0.0,0.0
11,2020,8,3.0,3.0,3.0,0.0,0.0
11,2020,9,0.0,0.0,0.0,0.0,0.0
11,2020,10,0.0,0.0,0.0,0.0,0.0
11,2020,11,0.0,0.0,0.0,0.0,0.0
11,2020,12,0.0,0.0,0.0,0.0,0.0
11,2021,1,0.0,0.0,0.0,0.0,0.0
11,2021,2,0.0,0.0,0.0,0.0,0.0
11,2021,3,0.0,0.0,0.0,0.0,0.0
11,2021,4,0.0,0.0,0.0,0.0,0.0
11,2021,5,0.0,0.0,0.0,0.0,0.0
11,2021,6,0.0,0.0,0.0,0.0,0.0
11,2021,7,0.0,0.0,0.0,0.0,0.0
11,2021,8,0.0,0.0,0.0,0.0,0.0
11,2021,9,0.0,0.0,0.0,0.0,0.0
11,2021,10,0.0,0.0,0.0,0.0,0.0
11,2021,11,0.0,0.0,0.0,0.0,0.0
11,2021,12,0.0,0.0,0.0,0.0,0.0
11,2022,1,0.0,0.0,0.0,0.0,0.0
11,2022,2,0.0,0.0,0.0,0.0,0.0
11,2022,3,0.0,0.0,0.0,0.0,0.0
11,2022,4,0.0,0.0,0.0,0.0,0.0
11,2022,5,0.0,0.0,0.0,0.0,0.0
11,2022,6,0.0,0.0,0.0,0.0,0.0
11,2022,7,0.0,0.0,0.0,0.0,0.0
11,2022,8,0.0,0.0,0.0,0.0,0.0
11,2022,9,0.0,0.0,0.0,0.0,0.0
11,2022,10,0.0,0.0,0.0,0.0,0.0
11,2022,11,0.0,0.0,0.0,0.0,0.0
11,2022,12,0.0,0.0,0.0,0.0,0.0
11,2023,1,0.0,0.0,0.0,0.0,0.0
11,2023,2,0.0,0.0,0.0,0.0,0.0
11,2023,3,0.0,0.0,0.0,0.0,0.0
11,2023,4,2.0,2.0,2.0,0.0,0.0
11,2023,5,2.0,2.0,0.0,0.0,2.0
11,2023,6,48.0,48.0,31.0,1.0,16.0
11,2023,7,7.0,7.0,5.0,1.0,1.0
11,2023,8,2.0,2.0,1.0,0.0,1.0
11,2023,9,23.0,23.0,18.0,0.0,5.0
11,2023,10,9.0,9.0,8.0,0.0,1.0
11,2023,11,32.0,32.0,21.0,0.0,11.0
11,2023,12,94.0,94.0,38.0,3.0,53.0
11,2024,1,686.0,148.0,75.0,13.0,60.0
11,2024,2,161.0,161.0,81.0,25.0,55.0
11,2024,3,111.0,111.0,83.0,8.0,20.0
11,2024,4,124.0,124.0,55.0,14.0,55.0
11,2024,5,55.0,55.0,36.0,0.0,19.0
11,2024,6,73.0,73.0,48.0,5.0,20.0
11,2024,7,11.0,11.0,9.0,0.0,2.0
11,2024,8,2.0,2.0,2.0,0.0,0.0
11,2024,9,1.0,1.0,1.0,0.0,0.0
11,2024,10,0.0,0.0,0.0,0.0,0.0
11,2024,11,0.0,0.0,0.0,0.0,0.0
11,2024,12,0.0,0.0,0.0,0.0,0.0
11,2025,1,1.0,1.0,1.0,0.0,0.0
11,2025,2,9.0,9.0,6.0,0.0,3.0
11,2025,3,9.0,9.0,7.0,1.0,1.0
11,2025,4,3.0,3.0,1.0,0.0,2.0
11,2025,5,0.0,0.0,0.0,0.0,0.0
11,2025,6,1.0,1.0,1.0,0.0,0.0
11,2025,7,1.0,1.0,0.0,0.0,1.0
11,2025,8,3.0,3.0,1.0,0.0,2.0
11,2025,9,0.0,0.0,0.0,0.0,0.0
11,2025,10,0.0,0.0,0.0,0.0,0.0
11,2025,11,5.0,5.0,4.0,0.0,1.0
11,2025,12,20.0,20.0,17.0,0.0,3.0
11,2026,1,58.0,58.0,42.0,1.0,15.0
11,2026,2,137.0,137.0,114.0,3.0,20.0
11,2026,3,86.0,86.0,65.0,4.0,17.0
11,2026,4,6.0,6.0,6.0,0.0,0.0
11,2026,5,5.0,5.0,3.0,0.0,2.0
11,2026,6,2.0,2.0,2.0,0.0,0.0
11,2026,7,0.0,0.0,0.0,0.0,0.0
12,2019,1,3.0,3.0,2.0,0.0,1.0
12,2019,2,94.0,94.0,80.0,3.0,11.0
12,2019,3,81.0,81.0,67.0,2.0,12.0
12,2019,4,83.0,83.0,54.0,1.0,28.0
12,2019,5,88.0,88.0,61.0,4.0,23.0
12,2019,6,67.0,67.0,40.0,0.0,27.0
12,2019,7,0.0,0.0,0.0,0.0,0.0
12,2019,8,7.0,7.0,3.0,0.0,4.0
12,2019,9,19.0,19.0,8.0,0.0,11.0
12,2019,10,35.0,35.0,26.0,0.0,9.0
12,2019,11,19.0,19.0,13.0,0.0,6.0
12,2019,12,43.0,43.0,39.0,2.0,2.0
12,2020,1,40.0,40.0,33.0,0.0,7.0
12,2020,2,57.0,57.0,41.0,2.0,14.0
12,2020,3,9.0,9.0,7.0,0.0,2.0
12,2020,4,4.0,4.0,4.0,0.0,0.0
12,2020,5,0.0,0.0,0.0,0.0,0.0
12,2020,6,0.0,0.0,0.0,0.0,0.0
12,2020,7,0.0,0.0,0.0,0.0,0.0
12,2020,8,0.0,0.0,0.0,0.0,0.0
12,2020,9,0.0,0.0,0.0,0.0,0.0
12,2020,10,0.0,0.0,0.0,0.0,0.0
12,2020,11,0.0,0.0,0.0,0.0,0.0
12,2020,12,0.0,0.0,0.0,0.0,0.0
12,2021,1,1.0,1.0,0.0,0.0,1.0
12,2021,2,0.0,0.0,0.0,0.0,0.0
12,2021,3,0.0,0.0,0.0,0.0,0.0
12,2021,4,0.0,0.0,0.0,0.0,0.0
12,2021,5,0.0,0.0,0.0,0.0,0.0
12,2021,6,0.0,0.0,0.0,0.0,0.0
12,2021,7,0.0,0.0,0.0,0.0,0.0
12,2021,8,0.0,0.0,0.0,0.0,0.0
12,2021,9,0.0,0.0,0.0,0.0,0.0
12,2021,10,0.0,0.0,0.0,0.0,0.0
12,2021,11,0.0,0.0,0.0,0.0,0.0
12,2021,12,0.0,0.0,0.0,0.0,0.0
12,2022,1,0.0,0.0,0.0,0.0,0.0
12,2022,2,0.0,0.0,0.0,0.0,0.0
12,2022,3,0.0,0.0,0.0,0.0,0.0
12,2022,4,0.0,0.0,0.0,0.0,0.0
12,2022,5,0.0,0.0,0.0,0.0,0.0
12,2022,6,0.0,0.0,0.0,0.0,0.0
12,2022,7,0.0,0.0,0.0,0.0,0.0
12,2022,8,0.0,0.0,0.0,0.0,0.0
12,2022,9,0.0,0.0,0.0,0.0,0.0
12,2022,10,0.0,0.0,0.0,0.0,0.0
12,2022,11,0.0,0.0,0.0,0.0,0.0
12,2022,12,0.0,0.0,0.0,0.0,0.0
12,2023,1,0.0,0.0,0.0,0.0,0.0
12,2023,2,0.0,0.0,0.0,0.0,0.0
12,2023,3,0.0,0.0,0.0,0.0,0.0
12,2023,4,1.0,1.0,0.0,1.0,0.0
12,2023,5,1.0,1.0,1.0,0.0,0.0
12,2023,6,11.0,11.0,9.0,0.0,2.0
12,2023,7,33.0,33.0,29.0,0.0,4.0
12,2023,8,107.0,107.0,89.0,0.0,18.0
12,2023,9,210.0,210.0,174.0,4.0,32.0
12,2023,10,345.0,345.0,309.0,2.0,34.0
12,2023,11,433.0,433.0,392.0,3.0,38.0
12,2023,12,541.0,541.0,453.0,12.0,76.0
12,2024,1,1556.0,365.0,314.0,6.0,45.0
12,2024,2,347.0,347.0,303.0,4.0,40.0
12,2024,3,336.0,336.0,289.0,5.0,42.0
12,2024,4,257.0,257.0,225.0,3.0,29.0
12,2024,5,138.0,138.0,131.0,2.0,5.0
12,2024,6,78.0,78.0,75.0,0.0,3.0
12,2024,7,27.0,27.0,20.0,1.0,6.0
12,2024,8,7.0,7.0,6.0,0.0,1.0
12,2024,9,1.0,1.0,1.0,0.0,0.0
12,2024,10,0.0,0.0,0.0,0.0,0.0
12,2024,11,0.0,0.0,0.0,0.0,0.0
12,2024,12,0.0,0.0,0.0,0.0,0.0
12,2025,1,0.0,0.0,0.0,0.0,0.0
12,2025,2,0.0,0.0,0.0,0.0,0.0
12,2025,3,1.0,1.0,1.0,0.0,0.0
12,2025,4,5.0,5.0,5.0,0.0,0.0
12,2025,5,10.0,10.0,9.0,0.0,1.0
12,2025,6,17.0,17.0,13.0,0.0,4.0
12,2025,7,35.0,35.0,35.0,0.0,0.0
12,2025,8,36.0,36.0,32.0,0.0,4.0
12,2025,9,65.0,65.0,61.0,1.0,3.0
12,2025,10,58.0,58.0,55.0,0.0,3.0
12,2025,11,41.0,41.0,39.0,1.0,1.0
12,2025,12,71.0,71.0,66.0,0.0,5.0
12,2026,1,17.0,17.0,13.0,0.0,4.0
12,2026,2,8.0,8.0,6.0,0.0,2.0
12,2026,3,0.0,0.0,0.0,0.0,0.0
12,2026,4,0.0,0.0,0.0,0.0,0.0
12,2026,5,24.0,24.0,24.0,0.0,0.0
12,2026,6,30.0,30.0,28.0,0.0,2.0
12,2026,7,20.0,20.0,16.0,2.0,2.0
13,2019,1,23.0,23.0,18.0,0.0,5.0
13,2019,2,73.0,73.0,47.0,2.0,24.0
13,2019,3,122.0,122.0,85.0,0.0,37.0
13,2019,4,160.0,160.0,94.0,6.0,60.0
13,2019,5,140.0,140.0,80.0,0.0,60.0
13,2019,6,224.0,224.0,123.0,5.0,96.0
13,2019,7,142.0,142.0,99.0,3.0,40.0
13,2019,8,108.0,108.0,65.0,3.0,40.0
13,2019,9,45.0,45.0,37.0,2.0,6.0
13,2019,10,100.0,100.0,70.0,0.0,30.0
13,2019,11,147.0,147.0,99.0,2.0,46.0
13,2019,12,138.0,138.0,93.0,2.0,43.0
13,2020,1,120.0,120.0,79.0,3.0,38.0
13,2020,2,85.0,85.0,44.0,3.0,38.0
13,2020,3,74.0,74.0,40.0,1.0,33.0
13,2020,4,64.0,64.0,47.0,0.0,17.0
13,2020,5,18.0,18.0,11.0,1.0,6.0
13,2020,6,0.0,0.0,0.0,0.0,0.0
13,2020,7,0.0,0.0,0.0,0.0,0.0
13,2020,8,0.0,0.0,0.0,0.0,0.0
13,2020,9,0.0,0.0,0.0,0.0,0.0
13,2020,10,0.0,0.0,0.0,0.0,0.0
13,2020,11,0.0,0.0,0.0,0.0,0.0
13,2020,12,0.0,0.0,0.0,0.0,0.0
13,2021,1,0.0,0.0,0.0,0.0,0.0
13,2021,2,0.0,0.0,0.0,0.0,0.0
13,2021,3,0.0,0.0,0.0,0.0,0.0
13,2021,4,0.0,0.0,0.0,0.0,0.0
13,2021,5,0.0,0.0,0.0,0.0,0.0
13,2021,6,0.0,0.0,0.0,0.0,0.0
13,2021,7,0.0,0.0,0.0,0.0,0.0
13,2021,8,0.0,0.0,0.0,0.0,0.0
13,2021,9,0.0,0.0,0.0,0.0,0.0
13,2021,10,0.0,0.0,0.0,0.0,0.0
13,2021,11,0.0,0.0,0.0,0.0,0.0
13,2021,12,0.0,0.0,0.0,0.0,0.0
13,2022,1,0.0,0.0,0.0,0.0,0.0
13,2022,2,0.0,0.0,0.0,0.0,0.0
13,2022,3,0.0,0.0,0.0,0.0,0.0
13,2022,4,0.0,0.0,0.0,0.0,0.0
13,2022,5,0.0,0.0,0.0,0.0,0.0
13,2022,6,0.0,0.0,0.0,0.0,0.0
13,2022,7,0.0,0.0,0.0,0.0,0.0
13,2022,8,0.0,0.0,0.0,0.0,0.0
13,2022,9,0.0,0.0,0.0,0.0,0.0
13,2022,10,0.0,0.0,0.0,0.0,0.0
13,2022,11,0.0,0.0,0.0,0.0,0.0
13,2022,12,0.0,0.0,0.0,0.0,0.0
13,2023,1,0.0,0.0,0.0,0.0,0.0
13,2023,2,0.0,0.0,0.0,0.0,0.0
13,2023,3,0.0,0.0,0.0,0.0,0.0
13,2023,4,0.0,0.0,0.0,0.0,0.0
13,2023,5,0.0,0.0,0.0,0.0,0.0
13,2023,6,13.0,13.0,13.0,0.0,0.0
13,2023,7,37.0,37.0,33.0,1.0,3.0
13,2023,8,57.0,57.0,49.0,2.0,6.0
13,2023,9,218.0,218.0,185.0,4.0,29.0
13,2023,10,523.0,523.0,442.0,4.0,77.0
13,2023,11,796.0,796.0,627.0,14.0,155.0
13,2023,12,1220.0,1220.0,919.0,44.0,257.0
13,2024,1,1920.0,664.0,430.0,23.0,211.0
13,2024,2,516.0,516.0,333.0,18.0,165.0
13,2024,3,293.0,293.0,232.0,4.0,57.0
13,2024,4,222.0,222.0,197.0,8.0,17.0
13,2024,5,108.0,108.0,93.0,1.0,14.0
13,2024,6,41.0,41.0,30.0,0.0,11.0
13,2024,7,12.0,12.0,12.0,0.0,0.0
13,2024,8,2.0,2.0,2.0,0.0,0.0
13,2024,9,1.0,1.0,1.0,0.0,0.0
13,2024,10,4.0,4.0,4.0,0.0,0.0
13,2024,11,29.0,29.0,27.0,0.0,2.0
13,2024,12,28.0,28.0,24.0,2.0,2.0
13,2025,1,43.0,43.0,36.0,2.0,5.0
13,2025,2,4.0,4.0,3.0,0.0,1.0
13,2025,3,2.0,2.0,0.0,0.0,2.0
13,2025,4,2.0,2.0,2.0,0.0,0.0
13,2025,5,5.0,5.0,3.0,0.0,2.0
13,2025,6,6.0,6.0,4.0,0.0,2.0
13,2025,7,0.0,0.0,0.0,0.0,0.0
13,2025,8,3.0,3.0,3.0,0.0,0.0
13,2025,9,1.0,1.0,1.0,0.0,0.0
13,2025,10,1.0,1.0,0.0,0.0,1.0
13,2025,11,2.0,2.0,2.0,0.0,0.0
13,2025,12,12.0,12.0,11.0,0.0,1.0
13,2026,1,55.0,55.0,45.0,0.0,10.0
13,2026,2,61.0,61.0,52.0,1.0,8.0
13,2026,3,51.0,51.0,46.0,0.0,5.0
13,2026,4,26.0,26.0,24.0,0.0,2.0
13,2026,5,21.0,21.0,20.0,1.0,0.0
13,2026,6,9.0,9.0,9.0,0.0,0.0
13,2026,7,13.0,13.0,12.0,0.0,1.0
14,2019,1,3.0,3.0,2.0,0.0,1.0
14,2019,2,99.0,99.0,73.0,0.0,26.0
14,2019,3,67.0,67.0,49.0,1.0,17.0
14,2019,4,15.0,15.0,7.0,0.0,8.0
14,2019,5,12.0,12.0,10.0,0.0,2.0
14,2019,6,1.0,1.0,1.0,0.0,0.0
14,2019,7,0.0,0.0,0.0,0.0,0.0
14,2019,8,0.0,0.0,0.0,0.0,0.0
14,2019,9,0.0,0.0,0.0,0.0,0.0
14,2019,10,0.0,0.0,0.0,0.0,0.0
14,2019,11,3.0,3.0,2.0,0.0,1.0
14,2019,12,7.0,7.0,3.0,0.0,4.0
14,2020,1,5.0,5.0,3.0,0.0,2.0
14,2020,2,8.0,8.0,7.0,0.0,1.0
14,2020,3,4.0,4.0,4.0,0.0,0.0
14,2020,4,1.0,1.0,1.0,0.0,0.0
14,2020,5,2.0,2.0,2.0,0.0,0.0
14,2020,6,0.0,0.0,0.0,0.0,0.0
14,2020,7,0.0,0.0,0.0,0.0,0.0
14,2020,8,0.0,0.0,0.0,0.0,0.0
14,2020,9,0.0,0.0,0.0,0.0,0.0
14,2020,10,0.0,0.0,0.0,0.0,0.0
14,2020,11,0.0,0.0,0.0,0.0,0.0
14,2020,12,0.0,0.0,0.0,0.0,0.0
14,2021,1,0.0,0.0,0.0,0.0,0.0
14,2021,2,0.0,0.0,0.0,0.0,0.0
14,2021,3,0.0,0.0,0.0,0.0,0.0
14,2021,4,0.0,0.0,0.0,0.0,0.0
14,2021,5,0.0,0.0,0.0,0.0,0.0
14,2021,6,1.0,1.0,1.0,0.0,0.0
14,2021,7,0.0,0.0,0.0,0.0,0.0
14,2021,8,0.0,0.0,0.0,0.0,0.0
14,2021,9,0.0,0.0,0.0,0.0,0.0
14,2021,10,0.0,0.0,0.0,0.0,0.0
14,2021,11,0.0,0.0,0.0,0.0,0.0
14,2021,12,0.0,0.0,0.0,0.0,0.0
14,2022,1,0.0,0.0,0.0,0.0,0.0
14,2022,2,0.0,0.0,0.0,0.0,0.0
14,2022,3,0.0,0.0,0.0,0.0,0.0
14,2022,4,0.0,0.0,0.0,0.0,0.0
14,2022,5,0.0,0.0,0.0,0.0,0.0
14,2022,6,0.0,0.0,0.0,0.0,0.0
14,2022,7,0.0,0.0,0.0,0.0,0.0
14,2022,8,1.0,1.0,1.0,0.0,0.0
14,2022,9,0.0,0.0,0.0,0.0,0.0
14,2022,10,0.0,0.0,0.0,0.0,0.0
14,2022,11,0.0,0.0,0.0,0.0,0.0
14,2022,12,0.0,0.0,0.0,0.0,0.0
14,2023,1,0.0,0.0,0.0,0.0,0.0
14,2023,2,0.0,0.0,0.0,0.0,0.0
14,2023,3,1.0,1.0,1.0,0.0,0.0
14,2023,4,0.0,0.0,0.0,0.0,0.0
14,2023,5,0.0,0.0,0.0,0.0,0.0
14,2023,6,2.0,2.0,2.0,0.0,0.0
14,2023,7,13.0,13.0,9.0,0.0,4.0
14,2023,8,14.0,14.0,10.0,1.0,3.0
14,2023,9,12.0,12.0,12.0,0.0,0.0
14,2023,10,38.0,38.0,28.0,0.0,10.0
14,2023,11,165.0,165.0,127.0,6.0,32.0
14,2023,12,359.0,359.0,274.0,7.0,78.0
14,2024,1,1622.0,304.0,205.0,20.0,79.0
14,2024,2,469.0,469.0,284.0,32.0,153.0
14,2024,3,343.0,343.0,212.0,22.0,109.0
14,2024,4,278.0,278.0,189.0,10.0,79.0
14,2024,5,112.0,112.0,74.0,13.0,25.0
14,2024,6,55.0,55.0,40.0,3.0,12.0
14,2024,7,10.0,10.0,5.0,1.0,4.0
14,2024,8,6.0,6.0,6.0,0.0,0.0
14,2024,9,4.0,4.0,4.0,0.0,0.0
14,2024,10,13.0,13.0,13.0,0.0,0.0
14,2024,11,23.0,23.0,21.0,2.0,0.0
14,2024,12,5.0,5.0,4.0,1.0,0.0
14,2025,1,15.0,15.0,14.0,0.0,1.0
14,2025,2,19.0,19.0,13.0,0.0,6.0
14,2025,3,21.0,21.0,19.0,0.0,2.0
14,2025,4,32.0,32.0,27.0,2.0,3.0
14,2025,5,11.0,11.0,10.0,0.0,1.0
14,2025,6,3.0,3.0,2.0,0.0,1.0
14,2025,7,0.0,0.0,0.0,0.0,0.0
14,2025,8,0.0,0.0,0.0,0.0,0.0
14,2025,9,1.0,1.0,1.0,0.0,0.0
14,2025,10,1.0,1.0,1.0,0.0,0.0
14,2025,11,6.0,6.0,6.0,0.0,0.0
14,2025,12,41.0,41.0,39.0,0.0,2.0
14,2026,1,35.0,35.0,26.0,2.0,7.0
14,2026,2,17.0,17.0,14.0,0.0,3.0
14,2026,3,89.0,89.0,73.0,4.0,12.0
14,2026,4,143.0,143.0,121.0,3.0,19.0
14,2026,5,84.0,84.0,70.0,2.0,12.0
14,2026,6,30.0,30.0,23.0,0.0,7.0
14,2026,7,4.0,4.0,3.0,0.0,1.0
15,2019,1,22.0,22.0,14.0,0.0,8.0
15,2019,2,102.0,102.0,40.0,0.0,62.0
15,2019,3,84.0,84.0,49.0,2.0,33.0
15,2019,4,51.0,51.0,29.0,0.0,22.0
15,2019,5,17.0,17.0,11.0,0.0,6.0
15,2019,6,2.0,2.0,2.0,0.0,0.0
15,2019,7,1.0,1.0,1.0,0.0,0.0
15,2019,8,1.0,1.0,0.0,0.0,1.0
15,2019,9,0.0,0.0,0.0,0.0,0.0
15,2019,10,0.0,0.0,0.0,0.0,0.0
15,2019,11,0.0,0.0,0.0,0.0,0.0
15,2019,12,0.0,0.0,0.0,0.0,0.0
15,2020,1,3.0,3.0,3.0,0.0,0.0
15,2020,2,4.0,4.0,4.0,0.0,0.0
15,2020,3,3.0,3.0,1.0,0.0,2.0
15,2020,4,4.0,4.0,3.0,0.0,1.0
15,2020,5,0.0,0.0,0.0,0.0,0.0
15,2020,6,0.0,0.0,0.0,0.0,0.0
15,2020,7,0.0,0.0,0.0,0.0,0.0
15,2020,8,0.0,0.0,0.0,0.0,0.0
15,2020,9,0.0,0.0,0.0,0.0,0.0
15,2020,10,0.0,0.0,0.0,0.0,0.0
15,2020,11,0.0,0.0,0.0,0.0,0.0
15,2020,12,0.0,0.0,0.0,0.0,0.0
15,2021,1,0.0,0.0,0.0,0.0,0.0
15,2021,2,0.0,0.0,0.0,0.0,0.0
15,2021,3,0.0,0.0,0.0,0.0,0.0
15,2021,4,0.0,0.0,0.0,0.0,0.0
15,2021,5,0.0,0.0,0.0,0.0,0.0
15,2021,6,0.0,0.0,0.0,0.0,0.0
15,2021,7,0.0,0.0,0.0,0.0,0.0
15,2021,8,0.0,0.0,0.0,0.0,0.0
15,2021,9,0.0,0.0,0.0,0.0,0.0
15,2021,10,0.0,0.0,0.0,0.0,0.0
15,2021,11,0.0,0.0,0.0,0.0,0.0
15,2021,12,0.0,0.0,0.0,0.0,0.0
15,2022,1,0.0,0.0,0.0,0.0,0.0
15,2022,2,0.0,0.0,0.0,0.0,0.0
15,2022,3,0.0,0.0,0.0,0.0,0.0
15,2022,4,0.0,0.0,0.0,0.0,0.0
15,2022,5,0.0,0.0,0.0,0.0,0.0
15,2022,6,0.0,0.0,0.0,0.0,0.0
15,2022,7,0.0,0.0,0.0,0.0,0.0
15,2022,8,0.0,0.0,0.0,0.0,0.0
15,2022,9,0.0,0.0,0.0,0.0,0.0
15,2022,10,0.0,0.0,0.0,0.0,0.0
15,2022,11,0.0,0.0,0.0,0.0,0.0
15,2022,12,0.0,0.0,0.0,0.0,0.0
15,2023,1,0.0,0.0,0.0,0.0,0.0
15,2023,2,0.0,0.0,0.0,0.0,0.0
15,2023,3,0.0,0.0,0.0,0.0,0.0
15,2023,4,0.0,0.0,0.0,0.0,0.0
15,2023,5,2.0,2.0,1.0,0.0,1.0
15,2023,6,1.0,1.0,0.0,0.0,1.0
15,2023,7,7.0,7.0,4.0,0.0,3.0
15,2023,8,7.0,7.0,7.0,0.0,0.0
15,2023,9,1.0,1.0,1.0,0.0,0.0
15,2023,10,10.0,10.0,4.0,0.0,6.0
15,2023,11,47.0,47.0,9.0,6.0,32.0
15,2023,12,166.0,166.0,56.0,24.0,86.0
15,2024,1,338.0,114.0,63.0,4.0,47.0
15,2024,2,89.0,89.0,36.0,6.0,47.0
15,2024,3,35.0,35.0,12.0,1.0,22.0
15,2024,4,33.0,33.0,24.0,3.0,6.0
15,2024,5,49.0,49.0,33.0,5.0,11.0
15,2024,6,10.0,10.0,8.0,0.0,2.0
15,2024,7,1.0,1.0,1.0,0.0,0.0
15,2024,8,0.0,0.0,0.0,0.0,0.0
15,2024,9,1.0,1.0,1.0,0.0,0.0
15,2024,10,0.0,0.0,0.0,0.0,0.0
15,2024,11,0.0,0.0,0.0,0.0,0.0
15,2024,12,6.0,6.0,6.0,0.0,0.0
15,2025,1,16.0,16.0,15.0,0.0,1.0
15,2025,2,23.0,23.0,17.0,0.0,6.0
15,2025,3,8.0,8.0,3.0,0.0,5.0
15,2025,4,4.0,4.0,2.0,0.0,2.0
15,2025,5,10.0,10.0,8.0,2.0,0.0
15,2025,6,4.0,4.0,3.0,0.0,1.0
15,2025,7,0.0,0.0,0.0,0.0,0.0
15,2025,8,0.0,0.0,0.0,0.0,0.0
15,2025,9,0.0,0.0,0.0,0.0,0.0
15,2025,10,0.0,0.0,0.0,0.0,0.0
15,2025,11,0.0,0.0,0.0,0.0,0.0
15,2025,12,5.0,5.0,5.0,0.0,0.0
15,2026,1,12.0,12.0,9.0,0.0,3.0
15,2026,2,5.0,5.0,2.0,1.0,2.0
15,2026,3,18.0,18.0,15.0,0.0,3.0
15,2026,4,27.0,27.0,18.0,0.0,9.0
15,2026,5,7.0,7.0,6.0,0.0,1.0
15,2026,6,3.0,3.0,0.0,0.0,3.0
15,2026,7,2.0,2.0,0.0,0.0,2.0
16,2019,1,55.0,55.0,47.0,0.0,8.0
16,2019,2,167.0,167.0,139.0,2.0,26.0
16,2019,3,214.0,214.0,158.0,5.0,51.0
16,2019,4,141.0,141.0,115.0,1.0,25.0
16,2019,5,45.0,45.0,38.0,1.0,6.0
16,2019,6,0.0,0.0,0.0,0.0,0.0
16,2019,7,62.0,62.0,51.0,1.0,10.0
16,2019,8,57.0,57.0,40.0,4.0,13.0
16,2019,9,93.0,93.0,85.0,2.0,6.0
16,2019,10,63.0,63.0,50.0,3.0,10.0
16,2019,11,76.0,76.0,63.0,2.0,11.0
16,2019,12,117.0,117.0,80.0,4.0,33.0
16,2020,1,80.0,80.0,49.0,0.0,31.0
16,2020,2,28.0,28.0,24.0,1.0,3.0
16,2020,3,49.0,49.0,37.0,1.0,11.0
16,2020,4,0.0,0.0,0.0,0.0,0.0
16,2020,5,0.0,0.0,0.0,0.0,0.0
16,2020,6,0.0,0.0,0.0,0.0,0.0
16,2020,7,0.0,0.0,0.0,0.0,0.0
16,2020,8,0.0,0.0,0.0,0.0,0.0
16,2020,9,0.0,0.0,0.0,0.0,0.0
16,2020,10,0.0,0.0,0.0,0.0,0.0
16,2020,11,0.0,0.0,0.0,0.0,0.0
16,2020,12,0.0,0.0,0.0,0.0,0.0
16,2021,1,0.0,0.0,0.0,0.0,0.0
16,2021,2,0.0,0.0,0.0,0.0,0.0
16,2021,3,0.0,0.0,0.0,0.0,0.0
16,2021,4,0.0,0.0,0.0,0.0,0.0
16,2021,5,0.0,0.0,0.0,0.0,0.0
16,2021,6,0.0,0.0,0.0,0.0,0.0
16,2021,7,0.0,0.0,0.0,0.0,0.0
16,2021,8,0.0,0.0,0.0,0.0,0.0
16,2021,9,0.0,0.0,0.0,0.0,0.0
16,2021,10,0.0,0.0,0.0,0.0,0.0
16,2021,11,0.0,0.0,0.0,0.0,0.0
16,2021,12,0.0,0.0,0.0,0.0,0.0
16,2022,1,0.0,0.0,0.0,0.0,0.0
16,2022,2,0.0,0.0,0.0,0.0,0.0
16,2022,3,0.0,0.0,0.0,0.0,0.0
16,2022,4,0.0,0.0,0.0,0.0,0.0
16,2022,5,0.0,0.0,0.0,0.0,0.0
16,2022,6,0.0,0.0,0.0,0.0,0.0
16,2022,7,0.0,0.0,0.0,0.0,0.0
16,2022,8,0.0,0.0,0.0,0.0,0.0
16,2022,9,0.0,0.0,0.0,0.0,0.0
16,2022,10,0.0,0.0,0.0,0.0,0.0
16,2022,11,0.0,0.0,0.0,0.0,0.0
16,2022,12,0.0,0.0,0.0,0.0,0.0
16,2023,1,0.0,0.0,0.0,0.0,0.0
16,2023,2,0.0,0.0,0.0,0.0,0.0
16,2023,3,15.0,15.0,14.0,0.0,1.0
16,2023,4,0.0,0.0,0.0,0.0,0.0
16,2023,5,2.0,2.0,2.0,0.0,0.0
16,2023,6,4.0,4.0,3.0,0.0,1.0
16,2023,7,0.0,0.0,0.0,0.0,0.0
16,2023,8,49.0,49.0,42.0,0.0,7.0
16,2023,9,96.0,96.0,85.0,5.0,6.0
16,2023,10,133.0,133.0,100.0,1.0,32.0
16,2023,11,556.0,556.0,466.0,13.0,77.0
16,2023,12,1430.0,1430.0,1208.0,33.0,189.0
16,2024,1,443.0,354.0,290.0,3.0,61.0
16,2024,2,64.0,64.0,53.0,0.0,11.0
16,2024,3,9.0,9.0,8.0,0.0,1.0
16,2024,4,9.0,9.0,7.0,2.0,0.0
16,2024,5,1.0,1.0,1.0,0.0,0.0
16,2024,6,1.0,1.0,1.0,0.0,0.0
16,2024,7,2.0,2.0,2.0,0.0,0.0
16,2024,8,0.0,0.0,0.0,0.0,0.0
16,2024,9,2.0,2.0,2.0,0.0,0.0
16,2024,10,0.0,0.0,0.0,0.0,0.0
16,2024,11,1.0,1.0,1.0,0.0,0.0
16,2024,12,0.0,0.0,0.0,0.0,0.0
16,2025,1,0.0,0.0,0.0,0.0,0.0
16,2025,2,0.0,0.0,0.0,0.0,0.0
16,2025,3,0.0,0.0,0.0,0.0,0.0
16,2025,4,0.0,0.0,0.0,0.0,0.0
16,2025,5,0.0,0.0,0.0,0.0,0.0
16,2025,6,7.0,7.0,6.0,0.0,1.0
16,2025,7,0.0,0.0,0.0,0.0,0.0
16,2025,8,0.0,0.0,0.0,0.0,0.0
16,2025,9,1.0,1.0,1.0,0.0,0.0
16,2025,10,7.0,7.0,6.0,0.0,1.0
16,2025,11,1.0,1.0,1.0,0.0,0.0
16,2025,12,9.0,9.0,6.0,0.0,3.0
16,2026,1,15.0,15.0,14.0,0.0,1.0
16,2026,2,15.0,15.0,15.0,0.0,0.0
16,2026,3,8.0,8.0,8.0,0.0,0.0
16,2026,4,7.0,7.0,5.0,0.0,2.0
16,2026,5,2.0,2.0,2.0,0.0,0.0
16,2026,6,0.0,0.0,0.0,0.0,0.0
16,2026,7,1.0,1.0,1.0,0.0,0.0
17,2019,1,,,,,
17,2019,2,,,,,
17,2019,3,,,,,
17,2019,4,,,,,
17,2019,5,,,,,
17,2019,6,,,,,
17,2019,7,,,,,
17,2019,8,,,,,
17,2019,9,,,,,
17,2019,10,,,,,
17,2019,11,,,,,
17,2019,12,,,,,
17,2020,1,,,,,
17,2020,2,,,,,
17,2020,3,,,,,
17,2020,4,,,,,
17,2020,5,,,,,
17,2020,6,,,,,
17,2020,7,,,,,
17,2020,8,,,,,
17,2020,9,,,,,
17,2020,10,,,,,
17,2020,11,,,,,
17,2020,12,,,,,
17,2021,1,,,,,
17,2021,2,,,,,
17,2021,3,,,,,
17,2021,4,,,,,
17,2021,5,,,,,
17,2021,6,,,,,
17,2021,7,,,,,
17,2021,8,,,,,
17,2021,9,,,,,
17,2021,10,,,,,
17,2021,11,,,,,
17,2021,12,,,,,
17,2022,1,,,,,
17,2022,2,,,,,
17,2022,3,,,,,
17,2022,4,,,,,
17,2022,5,,,,,
17,2022,6,,,,,
17,2022,7,,,,,
17,2022,8,,,,,
17,2022,9,,,,,
17,2022,10,,,,,
17,2022,11,,,,,
17,2022,12,,,,,
17,2023,1,0.0,0.0,0.0,0.0,0.0
17,2023,2,0.0,0.0,0.0,0.0,0.0
17,2023,3,0.0,0.0,0.0,0.0,0.0
17,2023,4,0.0,0.0,0.0,0.0,0.0
17,2023,5,1.0,1.0,1.0,0.0,0.0
17,2023,6,4.0,4.0,4.0,0.0,0.0
17,2023,7,4.0,4.0,4.0,0.0,0.0
17,2023,8,2.0,2.0,2.0,0.0,0.0
17,2023,9,3.0,3.0,3.0,0.0,0.0
17,2023,10,3.0,3.0,3.0,0.0,0.0
17,2023,11,93.0,93.0,80.0,4.0,9.0
17,2023,12,61.0,61.0,51.0,4.0,6.0
17,2024,1,116.0,55.0,48.0,0.0,7.0
17,2024,2,22.0,22.0,19.0,0.0,3.0
17,2024,3,17.0,17.0,16.0,0.0,1.0
17,2024,4,13.0,13.0,9.0,0.0,4.0
17,2024,5,7.0,7.0,6.0,0.0,1.0
17,2024,6,2.0,2.0,2.0,0.0,0.0
17,2024,7,0.0,0.0,0.0,0.0,0.0
17,2024,8,0.0,0.0,0.0,0.0,0.0
17,2024,9,0.0,0.0,0.0,0.0,0.0
17,2024,10,0.0,0.0,0.0,0.0,0.0
17,2024,11,0.0,0.0,0.0,0.0,0.0
17,2024,12,0.0,0.0,0.0,0.0,0.0
17,2025,1,0.0,0.0,0.0,0.0,0.0
17,2025,2,0.0,0.0,0.0,0.0,0.0
17,2025,3,0.0,0.0,0.0,0.0,0.0
17,2025,4,0.0,0.0,0.0,0.0,0.0
17,2025,5,3.0,3.0,3.0,0.0,0.0
17,2025,6,9.0,9.0,9.0,0.0,0.0
17,2025,7,4.0,4.0,4.0,0.0,0.0
17,2025,8,2.0,2.0,2.0,0.0,0.0
17,2025,9,2.0,2.0,2.0,0.0,0.0
17,2025,10,0.0,0.0,0.0,0.0,0.0
17,2025,11,0.0,0.0,0.0,0.0,0.0
17,2025,12,0.0,0.0,0.0,0.0,0.0
17,2026,1,17.0,17.0,14.0,1.0,2.0
17,2026,2,36.0,36.0,34.0,0.0,2.0
17,2026,3,22.0,22.0,22.0,0.0,0.0
17,2026,4,10.0,10.0,9.0,0.0,1.0
17,2026,5,9.0,9.0,8.0,0.0,1.0
17,2026,6,0.0,0.0,0.0,0.0,0.0
17,2026,7,0.0,0.0,0.0,0.0,0.0
18,2019,1,22.0,22.0,19.0,0.0,3.0
18,2019,2,26.0,26.0,14.0,1.0,11.0
18,2019,3,71.0,71.0,53.0,1.0,17.0
18,2019,4,102.0,102.0,82.0,3.0,17.0
18,2019,5,158.0,158.0,99.0,3.0,56.0
18,2019,6,141.0,141.0,80.0,6.0,55.0
18,2019,7,72.0,72.0,51.0,0.0,21.0
18,2019,8,5.0,5.0,2.0,0.0,3.0
18,2019,9,0.0,0.0,0.0,0.0,0.0
18,2019,10,9.0,9.0,8.0,0.0,1.0
18,2019,11,42.0,42.0,29.0,0.0,13.0
18,2019,12,156.0,156.0,114.0,1.0,41.0
18,2020,1,64.0,64.0,51.0,0.0,13.0
18,2020,2,2.0,2.0,1.0,0.0,1.0
18,2020,3,3.0,3.0,3.0,0.0,0.0
18,2020,4,5.0,5.0,5.0,0.0,0.0
18,2020,5,12.0,12.0,11.0,0.0,1.0
18,2020,6,0.0,0.0,0.0,0.0,0.0
18,2020,7,0.0,0.0,0.0,0.0,0.0
18,2020,8,0.0,0.0,0.0,0.0,0.0
18,2020,9,0.0,0.0,0.0,0.0,0.0
18,2020,10,0.0,0.0,0.0,0.0,0.0
18,2020,11,0.0,0.0,0.0,0.0,0.0
18,2020,12,0.0,0.0,0.0,0.0,0.0
18,2021,1,0.0,0.0,0.0,0.0,0.0
18,2021,2,0.0,0.0,0.0,0.0,0.0
18,2021,3,0.0,0.0,0.0,0.0,0.0
18,2021,4,0.0,0.0,0.0,0.0,0.0
18,2021,5,0.0,0.0,0.0,0.0,0.0
18,2021,6,0.0,0.0,0.0,0.0,0.0
18,2021,7,0.0,0.0,0.0,0.0,0.0
18,2021,8,0.0,0.0,0.0,0.0,0.0
18,2021,9,0.0,0.0,0.0,0.0,0.0
18,2021,10,0.0,0.0,0.0,0.0,0.0
18,2021,11,0.0,0.0,0.0,0.0,0.0
18,2021,12,0.0,0.0,0.0,0.0,0.0
18,2022,1,0.0,0.0,0.0,0.0,0.0
18,2022,2,0.0,0.0,0.0,0.0,0.0
18,2022,3,0.0,0.0,0.0,0.0,0.0
18,2022,4,0.0,0.0,0.0,0.0,0.0
18,2022,5,0.0,0.0,0.0,0.0,0.0
18,2022,6,0.0,0.0,0.0,0.0,0.0
18,2022,7,0.0,0.0,0.0,0.0,0.0
18,2022,8,0.0,0.0,0.0,0.0,0.0
18,2022,9,0.0,0.0,0.0,0.0,0.0
18,2022,10,0.0,0.0,0.0,0.0,0.0
18,2022,11,0.0,0.0,0.0,0.0,0.0
18,2022,12,0.0,0.0,0.0,0.0,0.0
18,2023,1,0.0,0.0,0.0,0.0,0.0
18,2023,2,0.0,0.0,0.0,0.0,0.0
18,2023,3,73.0,73.0,67.0,0.0,6.0
18,2023,4,116.0,116.0,93.0,1.0,22.0
18,2023,5,342.0,342.0,267.0,2.0,73.0
18,2023,6,329.0,329.0,313.0,11.0,5.0
18,2023,7,237.0,237.0,224.0,1.0,12.0
18,2023,8,128.0,128.0,108.0,0.0,20.0
18,2023,9,319.0,319.0,237.0,16.0,66.0
18,2023,10,515.0,515.0,382.0,7.0,126.0
18,2023,11,908.0,908.0,613.0,18.0,277.0
18,2023,12,1054.0,1054.0,773.0,20.0,261.0
18,2024,1,3304.0,906.0,562.0,9.0,335.0
18,2024,2,1068.0,1068.0,624.0,87.0,357.0
18,2024,3,635.0,635.0,382.0,17.0,236.0
18,2024,4,391.0,391.0,257.0,20.0,114.0
18,2024,5,164.0,164.0,123.0,7.0,34.0
18,2024,6,74.0,74.0,49.0,6.0,19.0
18,2024,7,52.0,52.0,43.0,1.0,8.0
18,2024,8,6.0,6.0,1.0,0.0,5.0
18,2024,9,1.0,1.0,1.0,0.0,0.0
18,2024,10,4.0,4.0,1.0,0.0,3.0
18,2024,11,3.0,3.0,3.0,0.0,0.0
18,2024,12,0.0,0.0,0.0,0.0,0.0
18,2025,1,6.0,6.0,5.0,1.0,0.0
18,2025,2,20.0,20.0,19.0,0.0,1.0
18,2025,3,43.0,43.0,36.0,1.0,6.0
18,2025,4,93.0,93.0,82.0,0.0,11.0
18,2025,5,46.0,46.0,38.0,0.0,8.0
18,2025,6,26.0,26.0,23.0,1.0,2.0
18,2025,7,29.0,29.0,27.0,0.0,2.0
18,2025,8,7.0,7.0,5.0,0.0,2.0
18,2025,9,8.0,8.0,5.0,1.0,2.0
18,2025,10,10.0,10.0,10.0,0.0,0.0
18,2025,11,30.0,30.0,30.0,0.0,0.0
18,2025,12,142.0,142.0,127.0,2.0,13.0
18,2026,1,346.0,346.0,318.0,2.0,26.0
18,2026,2,260.0,260.0,254.0,0.0,6.0
18,2026,3,121.0,121.0,105.0,2.0,14.0
18,2026,4,90.0,90.0,71.0,0.0,19.0
18,2026,5,44.0,44.0,31.0,0.0,13.0
18,2026,6,40.0,40.0,29.0,0.0,11.0
18,2026,7,16.0,16.0,11.0,0.0,5.0
19,2019,1,946.0,946.0,670.0,14.0,262.0
19,2019,2,686.0,686.0,490.0,11.0,185.0
19,2019,3,369.0,369.0,291.0,5.0,73.0
19,2019,4,313.0,313.0,236.0,5.0,72.0
19,2019,5,172.0,172.0,100.0,2.0,70.0
19,2019,6,77.0,77.0,60.0,1.0,16.0
19,2019,7,39.0,39.0,24.0,0.0,15.0
19,2019,8,26.0,26.0,18.0,2.0,6.0
19,2019,9,6.0,6.0,4.0,0.0,2.0
19,2019,10,13.0,13.0,9.0,0.0,4.0
19,2019,11,28.0,28.0,23.0,0.0,5.0
19,2019,12,97.0,97.0,77.0,0.0,20.0
19,2020,1,223.0,223.0,145.0,10.0,68.0
19,2020,2,220.0,220.0,157.0,2.0,61.0
19,2020,3,104.0,104.0,63.0,4.0,37.0
19,2020,4,97.0,97.0,67.0,1.0,29.0
19,2020,5,13.0,13.0,7.0,1.0,5.0
19,2020,6,0.0,0.0,0.0,0.0,0.0
19,2020,7,0.0,0.0,0.0,0.0,0.0
19,2020,8,0.0,0.0,0.0,0.0,0.0
19,2020,9,0.0,0.0,0.0,0.0,0.0
19,2020,10,0.0,0.0,0.0,0.0,0.0
19,2020,11,0.0,0.0,0.0,0.0,0.0
19,2020,12,0.0,0.0,0.0,0.0,0.0
19,2021,1,0.0,0.0,0.0,0.0,0.0
19,2021,2,0.0,0.0,0.0,0.0,0.0
19,2021,3,0.0,0.0,0.0,0.0,0.0
19,2021,4,0.0,0.0,0.0,0.0,0.0
19,2021,5,0.0,0.0,0.0,0.0,0.0
19,2021,6,0.0,0.0,0.0,0.0,0.0
19,2021,7,0.0,0.0,0.0,0.0,0.0
19,2021,8,0.0,0.0,0.0,0.0,0.0
19,2021,9,0.0,0.0,0.0,0.0,0.0
19,2021,10,0.0,0.0,0.0,0.0,0.0
19,2021,11,0.0,0.0,0.0,0.0,0.0
19,2021,12,0.0,0.0,0.0,0.0,0.0
19,2022,1,0.0,0.0,0.0,0.0,0.0
19,2022,2,0.0,0.0,0.0,0.0,0.0
19,2022,3,0.0,0.0,0.0,0.0,0.0
19,2022,4,0.0,0.0,0.0,0.0,0.0
19,2022,5,0.0,0.0,0.0,0.0,0.0
19,2022,6,0.0,0.0,0.0,0.0,0.0
19,2022,7,0.0,0.0,0.0,0.0,0.0
19,2022,8,0.0,0.0,0.0,0.0,0.0
19,2022,9,0.0,0.0,0.0,0.0,0.0
19,2022,10,0.0,0.0,0.0,0.0,0.0
19,2022,11,0.0,0.0,0.0,0.0,0.0
19,2022,12,0.0,0.0,0.0,0.0,0.0
19,2023,1,0.0,0.0,0.0,0.0,0.0
19,2023,2,0.0,0.0,0.0,0.0,0.0
19,2023,3,7.0,7.0,6.0,0.0,1.0
19,2023,4,7.0,7.0,0.0,0.0,7.0
19,2023,5,28.0,28.0,25.0,0.0,3.0
19,2023,6,75.0,75.0,71.0,0.0,4.0
19,2023,7,86.0,86.0,71.0,2.0,13.0
19,2023,8,123.0,123.0,100.0,2.0,21.0
19,2023,9,166.0,166.0,134.0,3.0,29.0
19,2023,10,143.0,143.0,102.0,5.0,36.0
19,2023,11,161.0,161.0,77.0,0.0,84.0
19,2023,12,335.0,335.0,215.0,11.0,109.0
19,2024,1,1605.0,431.0,307.0,19.0,105.0
19,2024,2,331.0,331.0,212.0,7.0,112.0
19,2024,3,299.0,299.0,215.0,13.0,71.0
19,2024,4,295.0,295.0,167.0,4.0,124.0
19,2024,5,106.0,106.0,91.0,2.0,13.0
19,2024,6,77.0,77.0,67.0,2.0,8.0
19,2024,7,30.0,30.0,14.0,1.0,15.0
19,2024,8,2.0,2.0,2.0,0.0,0.0
19,2024,9,0.0,0.0,0.0,0.0,0.0
19,2024,10,0.0,0.0,0.0,0.0,0.0
19,2024,11,17.0,17.0,17.0,0.0,0.0
19,2024,12,17.0,17.0,17.0,0.0,0.0
19,2025,1,33.0,33.0,33.0,0.0,0.0
19,2025,2,47.0,47.0,29.0,0.0,18.0
19,2025,3,69.0,69.0,62.0,1.0,6.0
19,2025,4,145.0,145.0,120.0,2.0,23.0
19,2025,5,208.0,208.0,187.0,2.0,19.0
19,2025,6,74.0,74.0,64.0,0.0,10.0
19,2025,7,44.0,44.0,40.0,3.0,1.0
19,2025,8,28.0,28.0,23.0,1.0,4.0
19,2025,9,23.0,23.0,20.0,0.0,3.0
19,2025,10,20.0,20.0,17.0,0.0,3.0
19,2025,11,69.0,69.0,64.0,0.0,5.0
19,2025,12,194.0,194.0,191.0,1.0,2.0
19,2026,1,581.0,581.0,503.0,11.0,67.0
19,2026,2,544.0,544.0,426.0,3.0,115.0
19,2026,3,358.0,358.0,280.0,8.0,70.0
19,2026,4,124.0,124.0,99.0,4.0,21.0
19,2026,5,58.0,58.0,43.0,1.0,14.0
19,2026,6,34.0,34.0,27.0,0.0,7.0
19,2026,7,33.0,33.0,4.0,0.0,29.0
20,2019,1,84.0,84.0,70.0,0.0,14.0
20,2019,2,228.0,228.0,179.0,3.0,46.0
20,2019,3,388.0,388.0,269.0,7.0,112.0
20,2019,4,138.0,138.0,96.0,5.0,37.0
20,2019,5,122.0,122.0,89.0,3.0,30.0
20,2019,6,103.0,103.0,72.0,0.0,31.0
20,2019,7,98.0,98.0,70.0,1.0,27.0
20,2019,8,97.0,97.0,66.0,4.0,27.0
20,2019,9,45.0,45.0,30.0,1.0,14.0
20,2019,10,130.0,130.0,103.0,5.0,22.0
20,2019,11,178.0,178.0,137.0,5.0,36.0
20,2019,12,258.0,258.0,201.0,2.0,55.0
20,2020,1,389.0,389.0,309.0,8.0,72.0
20,2020,2,288.0,288.0,206.0,6.0,76.0
20,2020,3,146.0,146.0,106.0,7.0,33.0
20,2020,4,50.0,50.0,32.0,1.0,17.0
20,2020,5,0.0,0.0,0.0,0.0,0.0
20,2020,6,0.0,0.0,0.0,0.0,0.0
20,2020,7,0.0,0.0,0.0,0.0,0.0
20,2020,8,0.0,0.0,0.0,0.0,0.0
20,2020,9,0.0,0.0,0.0,0.0,0.0
20,2020,10,0.0,0.0,0.0,0.0,0.0
20,2020,11,0.0,0.0,0.0,0.0,0.0
20,2020,12,0.0,0.0,0.0,0.0,0.0
20,2021,1,0.0,0.0,0.0,0.0,0.0
20,2021,2,0.0,0.0,0.0,0.0,0.0
20,2021,3,0.0,0.0,0.0,0.0,0.0
20,2021,4,0.0,0.0,0.0,0.0,0.0
20,2021,5,0.0,0.0,0.0,0.0,0.0
20,2021,6,0.0,0.0,0.0,0.0,0.0
20,2021,7,0.0,0.0,0.0,0.0,0.0
20,2021,8,0.0,0.0,0.0,0.0,0.0
20,2021,9,0.0,0.0,0.0,0.0,0.0
20,2021,10,0.0,0.0,0.0,0.0,0.0
20,2021,11,0.0,0.0,0.0,0.0,0.0
20,2021,12,0.0,0.0,0.0,0.0,0.0
20,2022,1,0.0,0.0,0.0,0.0,0.0
20,2022,2,0.0,0.0,0.0,0.0,0.0
20,2022,3,0.0,0.0,0.0,0.0,0.0
20,2022,4,0.0,0.0,0.0,0.0,0.0
20,2022,5,0.0,0.0,0.0,0.0,0.0
20,2022,6,0.0,0.0,0.0,0.0,0.0
20,2022,7,0.0,0.0,0.0,0.0,0.0
20,2022,8,0.0,0.0,0.0,0.0,0.0
20,2022,9,0.0,0.0,0.0,0.0,0.0
20,2022,10,0.0,0.0,0.0,0.0,0.0
20,2022,11,0.0,0.0,0.0,0.0,0.0
20,2022,12,0.0,0.0,0.0,0.0,0.0
20,2023,1,0.0,0.0,0.0,0.0,0.0
20,2023,2,0.0,0.0,0.0,0.0,0.0
20,2023,3,2.0,2.0,2.0,0.0,0.0
20,2023,4,11.0,11.0,7.0,1.0,3.0
20,2023,5,31.0,31.0,16.0,1.0,14.0
20,2023,6,52.0,52.0,39.0,0.0,13.0
20,2023,7,30.0,30.0,25.0,0.0,5.0
20,2023,8,459.0,459.0,365.0,3.0,91.0
20,2023,9,1151.0,1151.0,993.0,17.0,141.0
20,2023,10,699.0,699.0,628.0,4.0,67.0
20,2023,11,708.0,708.0,597.0,11.0,100.0
20,2023,12,253.0,253.0,201.0,0.0,52.0
20,2024,1,647.0,535.0,409.0,8.0,118.0
20,2024,2,84.0,84.0,52.0,3.0,29.0
20,2024,3,11.0,11.0,5.0,0.0,6.0
20,2024,4,12.0,12.0,3.0,1.0,8.0
20,2024,5,2.0,2.0,1.0,0.0,1.0
20,2024,6,3.0,3.0,0.0,0.0,3.0
20,2024,7,0.0,0.0,0.0,0.0,0.0
20,2024,8,0.0,0.0,0.0,0.0,0.0
20,2024,9,0.0,0.0,0.0,0.0,0.0
20,2024,10,0.0,0.0,0.0,0.0,0.0
20,2024,11,0.0,0.0,0.0,0.0,0.0
20,2024,12,0.0,0.0,0.0,0.0,0.0
20,2025,1,0.0,0.0,0.0,0.0,0.0
20,2025,2,0.0,0.0,0.0,0.0,0.0
20,2025,3,0.0,0.0,0.0,0.0,0.0
20,2025,4,0.0,0.0,0.0,0.0,0.0
20,2025,5,0.0,0.0,0.0,0.0,0.0
20,2025,6,0.0,0.0,0.0,0.0,0.0
20,2025,7,0.0,0.0,0.0,0.0,0.0
20,2025,8,0.0,0.0,0.0,0.0,0.0
20,2025,9,0.0,0.0,0.0,0.0,0.0
20,2025,10,0.0,0.0,0.0,0.0,0.0
20,2025,11,1.0,1.0,0.0,0.0,1.0
20,2025,12,0.0,0.0,0.0,0.0,0.0
20,2026,1,0.0,0.0,0.0,0.0,0.0
20,2026,2,0.0,0.0,0.0,0.0,0.0
20,2026,3,0.0,0.0,0.0,0.0,0.0
20,2026,4,0.0,0.0,0.0,0.0,0.0
20,2026,5,0.0,0.0,0.0,0.0,0.0
20,2026,6,0.0,0.0,0.0,0.0,0.0
20,2026,7,0.0,0.0,0.0,0.0,0.0
