region_id,name_sheets_1_2,name_sheet_3
1,АБАЙ,Абайская
2,АКМОЛИНСКАЯ,Акмолинская
3,АКТЮБИНСКАЯ,Актюбинская
4,АЛМАТИНСКАЯ,Алматинская
5,АТЫРАУСКАЯ,Атырауская
6,ВОСТОЧНО-КАЗАХСТАНСКАЯ,ВКО
7,ЖАМБЫЛСКАЯ,Жамбылская
8,ЖЕТІСУ,Жетысуская
9,ЗАПАДНО-КАЗАХСТАНСКАЯ,ЗКО
10,КАРАГАНДИНСКАЯ,Карагандинская
11,КОСТАНАЙСКАЯ,Костанайская
12,КЫЗЫЛОРДИНСКАЯ,Кызылординская
13,МАНГИСТАУСКАЯ,Мангистауская
14,ПАВЛОДАРСКАЯ,Павлодарская
15,СЕВЕРО-КАЗАХСТАНСКАЯ,СКО
16,ТУРКЕСТАНСКАЯ,Туркестанская
17,ҰЛЫТАУ,Улытауская
18,г.АЛМАТЫ,г. Алматы
19,г.АСТАНА,г. Астана
20,г.ШЫМКЕНТ,г.Шымкент
